bl11	002166832_0_1-80pgs__569562_dat.txt
bl12	002599399_0_1-66pgs__579444_dat.txt
bl13	000987706_0_1-76pgs__654735_dat.txt
bl14	001040120_0_1-180pgs__608316_dat.txt
bl15	000823754_0_1-42pgs__579077_dat.txt
bl16	003823623_0_1-12pgs__562813_dat.txt
bl17	003619088_0_1-32pgs__564538_dat.txt
bl18	003371015_0_1-88pgs__579269_dat.txt
bl19	002396298_0_1-84pgs__576229_dat.txt
bl110	000665415_0_1-22pgs__570473_dat.txt
bl111	002387322_0_1-86pgs__576245_dat.txt
bl112	000805467_0_1-44pgs__569262_dat.txt
bl113	000840022_0_1-32pgs__576137_dat.txt
bl114	000860472_2_1-80pgs__581008_dat.txt
bl115	000660920_0_1-90pgs__579534_dat.txt
bl116	003873812_0_1-124pgs__581012_dat.txt
bl117	002630810_0_1-68pgs__578885_dat.txt
bl118	000907432_0_1-30pgs__568296_dat.txt
bl119	000444030_0_1-146pgs__580022_dat.txt
bl120	004115210_0_1-76pgs__581006_dat.txt
bl121	003211830_0_1-52pgs__578948_dat.txt
bl122	001521522_0_1-140pgs__569057_dat.txt
bl123	003569512_0_1-50pgs__579540_dat.txt
bl124	003371060_0_1-86pgs__578831_dat.txt
bl125	001819467_0_1-74pgs__568933_dat.txt
bl126	002110976_0_1-76pgs__574921_dat.txt
bl127	002901305_0_1-376pgs__608311_dat.txt
bl128	000797511_0_1-38pgs__572819_dat.txt
bl129	003344337_0_1-80pgs__569497_dat.txt
bl130	000631705_0_1-68pgs__569218_dat.txt
bl131	000444032_0_1-62pgs__567870_dat.txt
bl132	003688589_0_1-68pgs__568065_dat.txt
bl133	002417012_0_1-92pgs__579683_dat.txt
bl134	003047002_0_1-96pgs__568110_dat.txt
bl135	003873835_0_1-104pgs__574848_dat.txt
bl136	000987856_0_1-92pgs__576092_dat.txt
bl137	000665607_0_1-14pgs__608555_dat.txt
bl138	001168900_0_1-108pgs__568827_dat.txt
bl139	001677345_0_1-84pgs__579420_dat.txt
bl140	000724435_0_1-94pgs__661527_dat.txt
bl141	002435062_0_1-80pgs__569326_dat.txt
bl142	003316779_0_1-80pgs__569215_dat.txt
bl143	000674863_0_1-104pgs__574855_dat.txt
bl144	001831748_0_1-60pgs__578839_dat.txt
bl145	001014661_0_1-90pgs__567843_dat.txt
bl146	003344312_0_1-68pgs__579507_dat.txt
bl147	003326064_0_1-94pgs__579489_dat.txt
bl148	000987670_0_1-74pgs__654746_dat.txt
bl149	002644642_0_1-78pgs__1069194_dat.txt
bl150	002569071_0_1-80pgs__579675_dat.txt
bl151	002177162_0_1-84pgs__1144808_dat.txt
bl152	000871551_0_1-52pgs__579564_dat.txt
bl153	003448571_0_1-76pgs__568463_dat.txt
bl154	002953225_0_1-74pgs__579353_dat.txt
bl155	003796238_0_1-72pgs__580084_dat.txt
bl156	002299204_0_1-90pgs__574783_dat.txt
bl157	001915259_0_1-92pgs__560209_dat.txt
bl158	003988446_0_1-88pgs__574951_dat.txt
bl159	003665410_0_1-64pgs__631775_dat.txt
bl160	003032384_0_1-32pgs__1083059_dat.txt
bl161	000987700_0_1-156pgs__1170484_dat.txt
bl162	003528615_0_1-60pgs__576869_dat.txt
bl163	003047019_0_1-92pgs__579480_dat.txt
bl164	002621350_0_1-30pgs__568950_dat.txt
bl165	003326058_0_1-80pgs__574936_dat.txt
bl166	000623044_0_1-110pgs__574876_dat.txt
bl167	002110891_0_1-92pgs__579657_dat.txt
bl168	000828021_0_1-114pgs__574894_dat.txt
bl169	003371075_0_1-44pgs__574792_dat.txt
bl170	000987888_0_1-76pgs__654752_dat.txt
bl171	001509795_0_1-374pgs__574954_dat.txt
bl172	001876770_0_1-76pgs__579503_dat.txt
bl173	000241461_0_1-142pgs__569450_dat.txt
bl174	002731669_0_1-76pgs__579462_dat.txt
bl175	003047015_0_1-86pgs__574822_dat.txt
bl176	002486393_0_1-90pgs__579609_dat.txt
bl177	000241362_0_1-90pgs__579338_dat.txt
bl178	000860472_1_1-96pgs__576059_dat.txt
bl179	003919856_0_1-146pgs__569139_dat.txt
bl180	001253024_0_1-108pgs__576224_dat.txt
bl181	002177156_0_1-108pgs__569466_dat.txt
bl182	002599202_0_1-18pgs__565268_dat.txt
bl183	000075704_0_1-44pgs__1083069_dat.txt
bl184	002366318_0_1-20pgs__575681_dat.txt
bl185	000744786_0_1-44pgs__561897_dat.txt
bl186	000241406_0_1-84pgs__576218_dat.txt
bl187	001793259_0_1-66pgs__569551_dat.txt
bl188	000987705_0_1-100pgs__569212_dat.txt
bl189	000769055_0_1-106pgs__579108_dat.txt
bl190	000241345_0_1-92pgs__580124_dat.txt
bl191	000828044_0_1-88pgs__574203_dat.txt
bl192	002743394_0_1-66pgs__568591_dat.txt
bl193	003848067_0_1-36pgs__568298_dat.txt
bl194	002731602_0_1-74pgs__579372_dat.txt
bl195	003371064_0_1-96pgs__568095_dat.txt
bl196	002569072_0_1-92pgs__579699_dat.txt
bl197	002702850_0_1-154pgs__579871_dat.txt
bl198	000427453_0_1-40pgs__579074_dat.txt
bl199	000660943_0_1-84pgs__578847_dat.txt
bl1100	001664305_0_1-84pgs__579474_dat.txt
bl1101	000987649_0_1-88pgs__574230_dat.txt
bl1102	003583688_0_1-78pgs__579935_dat.txt
bl1103	002599397_0_1-92pgs__581242_dat.txt
bl1104	003061122_0_1-96pgs__576082_dat.txt
bl1105	000980826_0_1-20pgs__577458_dat.txt
bl1106	002417091_0_1-22pgs__581042_dat.txt
bl1107	003256748_0_1-82pgs__569329_dat.txt
bl1108	003352678_0_1-82pgs__567861_dat.txt
bl1109	003038737_0_1-112pgs__652257_dat.txt
bl1110	003493777_0_1-112pgs__579710_dat.txt
bl1111	001253032_0_1-84pgs__581063_dat.txt
bl1112	000109780_0_1-64pgs__574740_dat.txt
bl1113	001255870_0_1-90pgs__574828_dat.txt
bl1114	002599406_0_1-90pgs__580234_dat.txt
bl1115	000828043_0_1-88pgs__574206_dat.txt
bl1116	000987675_0_1-92pgs__654731_dat.txt
bl1117	003914756_0_1-74pgs__579097_dat.txt
bl1118	002387339_0_1-156pgs__576242_dat.txt
bl1119	004115138_0_1-84pgs__579538_dat.txt
bl1120	003210974_0_1-80pgs__568614_dat.txt
bl1121	002440903_0_1-92pgs__579693_dat.txt
bl1122	003038736_0_1-112pgs__574785_dat.txt
bl1123	002417072_0_1-92pgs__579331_dat.txt
bl1124	003083825_0_1-16pgs__574473_dat.txt
bl1125	001268052_0_1-96pgs__568439_dat.txt
bl1126	000241411_0_1-78pgs__579510_dat.txt
bl1127	001257746_0_1-32pgs__568814_dat.txt
bl1128	001435172_0_1-82pgs__569188_dat.txt
bl1129	002462657_0_1-32pgs__567013_dat.txt
bl1130	003371066_0_1-76pgs__567824_dat.txt
bl1131	002593717_0_1-28pgs__565042_dat.txt
bl1132	003111782_0_1-70pgs__576208_dat.txt
bl1133	000756234_0_1-98pgs__650124_dat.txt
bl1134	002270601_0_1-93pgs__643282_dat.txt
bl1135	002414113_0_1-84pgs__579576_dat.txt
bl1136	002962897_0_1-104pgs__574930_dat.txt
bl1137	000896061_0_1-78pgs__569062_dat.txt
bl1138	000653999_0_1-82pgs__568434_dat.txt
bl1139	001031017_0_1-80pgs__577970_dat.txt
bl1140	001268030_0_1-98pgs__576228_dat.txt
bl1141	000241403_0_1-96pgs__579543_dat.txt
bl1142	002896077_0_1-20pgs__659854_dat.txt
bl1143	002232210_0_1-84pgs__579121_dat.txt
bl1144	003349216_0_1-122pgs__580280_dat.txt
bl1145	003358542_0_1-74pgs__579618_dat.txt
bl1146	003053716_0_1-52pgs__579356_dat.txt
bl1147	002905012_0_1-32pgs__580650_dat.txt
bl1148	003142233_0_1-68pgs__568102_dat.txt
bl1149	001014626_0_1-116pgs__568209_dat.txt
bl1150	000939577_0_1-68pgs__568610_dat.txt
bl1151	003371042_0_1-76pgs__574799_dat.txt
bl1152	001824794_0_1-40pgs__560415_dat.txt
bl1153	003022568_0_1-42pgs__578843_dat.txt
bl1154	000987688_0_1-26pgs__574367_dat.txt
bl1155	002942150_0_1-16pgs__562609_dat.txt
bl1156	000660893_0_1-140pgs__643280_dat.txt
bl1157	003988499_0_1-108pgs__568617_dat.txt
bl1158	003070879_0_1-44pgs__1083080_dat.txt
bl1159	001048236_0_1-32pgs__608537_dat.txt
bl1160	003892868_0_1-524pgs__568966_dat.txt
bl1161	000613390_0_1-84pgs__579266_dat.txt
bl1162	002644654_0_1-20pgs__569154_dat.txt
bl1163	001186704_0_1-62pgs__568191_dat.txt
bl1164	000241404_0_1-96pgs__579551_dat.txt
bl1165	002731613_0_1-84pgs__574928_dat.txt
bl1166	000051983_0_1-92pgs__568584_dat.txt
bl1167	003112351_0_1-72pgs__576211_dat.txt
bl1168	003014569_0_1-172pgs__560265_dat.txt
bl1169	003371035_0_1-96pgs__569475_dat.txt
bl1170	000849211_0_1-76pgs__576106_dat.txt
bl1171	001873657_0_1-68pgs__567852_dat.txt
bl1172	002501548_0_1-924pgs__1170487_dat.txt
bl1173	000979449_0_1-28pgs__564647_dat.txt
bl1174	003371034_0_1-104pgs__568092_dat.txt
bl1175	001633819_0_1-86pgs__579126_dat.txt
bl1176	000735632_0_1-38pgs__565732_dat.txt
bl1177	001435171_0_1-72pgs__579567_dat.txt
bl1178	000849614_0_1-68pgs__576233_dat.txt
bl1179	000871491_0_1-72pgs__577560_dat.txt
bl1180	003583699_0_1-84pgs__574950_dat.txt
bl1181	003047010_0_1-100pgs__579588_dat.txt
bl1182	002047808_0_1-60pgs__568458_dat.txt
bl1183	002941529_0_1-226pgs__565242_dat.txt
bl1184	001553618_0_1-100pgs__579328_dat.txt
bl1185	002952721_0_1-346pgs__625035_dat.txt
bl1186	000987712_0_1-66pgs__654729_dat.txt
bl1187	003371065_0_1-92pgs__569530_dat.txt
bl1188	000805379_0_1-570pgs__608714_dat.txt
bl1189	003219045_0_1-68pgs__579453_dat.txt
bl1190	000828049_0_1-80pgs__574209_dat.txt
bl1191	002896070_0_1-68pgs__568960_dat.txt
bl1192	002423084_0_1-20pgs__564539_dat.txt
bl1193	003178337_0_1-82pgs__568816_dat.txt
bl1194	001187348_0_1-44pgs__569474_dat.txt
bl1195	001818869_0_1-16pgs__562816_dat.txt
bl1196	003658271_0_1-8pgs__608551_dat.txt
bl1197	002416979_0_1-92pgs__579341_dat.txt
bl1198	002962896_0_1-114pgs__578875_dat.txt
bl1199	003741628_0_1-92pgs__579630_dat.txt
bl1200	000997534_0_1-72pgs__569078_dat.txt
bl1201	003336721_0_1-64pgs__581057_dat.txt
bl1202	003898118_0_1-74pgs__579902_dat.txt
bl1203	001647246_0_1-94pgs__578923_dat.txt
bl1204	003376956_0_1-96pgs__569293_dat.txt
bl1205	003984835_0_1-72pgs__580115_dat.txt
bl1206	001474667_0_1-100pgs__579570_dat.txt
bl1207	000640336_0_1-76pgs__568107_dat.txt
bl1208	003583986_0_1-50pgs__579297_dat.txt
bl1209	002417022_0_1-104pgs__579378_dat.txt
bl1210	003047012_0_1-92pgs__579347_dat.txt
bl1211	003873803_0_1-76pgs__577534_dat.txt
bl1212	003344277_0_1-76pgs__579504_dat.txt
bl1213	003349185_0_1-92pgs__577442_dat.txt
bl1214	003234455_0_1-36pgs__1083027_dat.txt
bl1215	000059805_0_1-56pgs__579101_dat.txt
bl1216	000241263_0_1-1168pgs__1170486_dat.txt
bl1217	000241480_0_1-84pgs__567819_dat.txt
bl1218	003022543_0_1-80pgs__568440_dat.txt
bl1219	000960252_0_1-92pgs__578009_dat.txt
bl1220	000805386_0_1-176pgs__608716_dat.txt
bl1221	003873853_0_1-84pgs__581096_dat.txt
bl1222	003798233_0_1-36pgs__569370_dat.txt
bl1223	002083185_0_1-76pgs__576205_dat.txt
bl1224	000887633_0_1-82pgs__569163_dat.txt
bl1225	000607025_0_1-112pgs__569179_dat.txt
bl1226	001252999_0_1-88pgs__574807_dat.txt
bl1227	002806976_0_1-26pgs__574462_dat.txt
bl1228	000252232_0_1-76pgs__1144962_dat.txt
bl1229	001249302_0_1-14pgs__562823_dat.txt
bl1230	004115208_0_1-128pgs__579254_dat.txt
bl1231	000987654_0_1-86pgs__654760_dat.txt
bl1232	003255413_0_1-32pgs__568476_dat.txt
bl1233	003371050_0_1-56pgs__568188_dat.txt
bl1234	000660938_0_1-82pgs__579528_dat.txt
bl1235	003210974_0_1-82pgs__574832_dat.txt
bl1236	003194022_0_1-122pgs__574466_dat.txt
bl1237	000987726_0_1-124pgs__574215_dat.txt
bl1238	003371055_0_1-100pgs__568609_dat.txt
bl1239	003371020_0_1-74pgs__578945_dat.txt
bl1240	002905058_0_1-46pgs__580454_dat.txt
bl1241	000987775_0_1-78pgs__576094_dat.txt
bl1242	000252168_0_1-82pgs__574867_dat.txt
bl1243	003583689_0_1-76pgs__576080_dat.txt
bl1244	000241331_0_1-80pgs__569047_dat.txt
bl1245	002177164_0_1-96pgs__569470_dat.txt
bl1246	001747203_0_1-108pgs__652260_dat.txt
bl1247	003371046_0_1-68pgs__579283_dat.txt
bl1248	002599397_0_1-92pgs__578906_dat.txt
bl1249	000241330_0_1-74pgs__574801_dat.txt
bl1250	001900865_0_1-116pgs__574717_dat.txt
bl1251	000560363_0_1-88pgs__567816_dat.txt
bl1252	003212310_0_1-94pgs__569153_dat.txt
bl1253	000744696_0_1-306pgs__578096_dat.txt
bl1254	003358309_0_1-88pgs__579452_dat.txt
bl1255	000622839_0_1-68pgs__568813_dat.txt
bl1256	000871490_0_1-76pgs__576088_dat.txt
bl1257	001435173_0_1-80pgs__579561_dat.txt
bl1258	001166192_0_1-86pgs__569484_dat.txt
bl1259	000828040_0_1-100pgs__574882_dat.txt
bl1260	000828034_0_1-154pgs__569332_dat.txt
bl1261	000248501_0_1-74pgs__567864_dat.txt
bl1262	003349201_0_1-72pgs__580260_dat.txt
bl1263	002417063_0_1-108pgs__569194_dat.txt
bl1264	000241474_0_1-50pgs__574811_dat.txt
bl1265	002110946_0_1-82pgs__578255_dat.txt
bl1266	001677342_0_1-84pgs__569191_dat.txt
bl1267	003349214_0_1-100pgs__580244_dat.txt
bl1268	002991063_0_1-76pgs__581053_dat.txt
bl1269	003218157_0_1-18pgs__564683_dat.txt
bl1270	001747446_0_1-8pgs__608550_dat.txt
bl1271	001014651_0_1-84pgs__576467_dat.txt
bl1272	001449813_0_1-116pgs__579316_dat.txt
bl1273	000241462_0_1-64pgs__568428_dat.txt
bl1274	002486378_0_1-68pgs__569071_dat.txt
bl1275	001677308_0_1-84pgs__579390_dat.txt
bl1276	000000874_0_1-22pgs__570785_dat.txt
bl1277	002938347_0_1-94pgs__576578_dat.txt
bl1278	000987606_0_1-112pgs__574224_dat.txt
bl1279	003214167_0_1-108pgs__568134_dat.txt
bl1280	000241456_0_1-82pgs__579325_dat.txt
bl1281	001677256_0_1-100pgs__569544_dat.txt
bl1282	001601049_0_1-100pgs__576241_dat.txt
bl1283	003349223_0_1-92pgs__580247_dat.txt
bl1284	004115209_0_1-98pgs__579309_dat.txt
bl1285	002299790_0_1-96pgs__568197_dat.txt
bl1286	001014632_0_1-80pgs__574242_dat.txt
bl1287	002599395_0_1-74pgs__578900_dat.txt
bl1288	001845131_0_1-12pgs__575504_dat.txt
bl1289	002110881_0_1-92pgs__579645_dat.txt
bl1290	003583999_0_1-86pgs__568323_dat.txt
bl1291	003460087_0_1-124pgs__1147574_dat.txt
bl1292	000787341_0_1-98pgs__578150_dat.txt
bl1293	002802722_0_1-222pgs__569095_dat.txt
bl1294	002298780_0_1-16pgs__580668_dat.txt
bl1295	000987811_0_1-92pgs__574227_dat.txt
bl1296	002300122_0_1-70pgs__579122_dat.txt
bl1297	003371003_0_1-68pgs__578933_dat.txt
bl1298	000828022_0_1-76pgs__574214_dat.txt
bl1299	002919631_0_1-12pgs__564543_dat.txt
bl1300	003371019_0_1-84pgs__581020_dat.txt
bl1301	001268021_0_1-92pgs__569521_dat.txt
bl1302	001677250_0_1-82pgs__608320_dat.txt
bl1303	002252848_0_1-60pgs__581078_dat.txt
bl1304	003873805_0_1-100pgs__574840_dat.txt
bl1305	002251230_0_1-38pgs__576865_dat.txt
bl1306	001880622_0_1-40pgs__577532_dat.txt
bl1307	001746559_0_1-84pgs__579400_dat.txt
bl1308	000896048_0_1-80pgs__574912_dat.txt
bl1309	003349221_0_1-76pgs__568832_dat.txt
bl1310	001799393_0_1-76pgs__568929_dat.txt
bl1311	000940254_0_1-56pgs__569265_dat.txt
bl1312	003680104_0_1-76pgs__580133_dat.txt
bl1313	001720349_0_1-124pgs__569157_dat.txt
bl1314	000987687_0_1-20pgs__560412_dat.txt
bl1315	002266317_0_1-82pgs__579110_dat.txt
bl1316	002110900_0_1-68pgs__579668_dat.txt
bl1317	003442119_0_1-82pgs__576199_dat.txt
bl1318	004000889_0_1-152pgs__574503_dat.txt
bl1319	000987922_0_1-108pgs__577853_dat.txt
bl1320	000252187_0_1-90pgs__569006_dat.txt
bl1321	000871949_0_1-76pgs__577379_dat.txt
bl1322	001186724_0_1-80pgs__1170134_dat.txt
bl1323	000470041_0_1-76pgs__579104_dat.txt
bl1324	001168884_0_1-92pgs__574250_dat.txt
bl1325	002110884_0_1-80pgs__579359_dat.txt
bl1326	000241387_0_1-84pgs__579291_dat.txt
bl1327	003351452_0_1-100pgs__580210_dat.txt
bl1328	003583676_0_1-78pgs__579932_dat.txt
bl1329	002798407_0_1-60pgs__568830_dat.txt
bl1330	000987700_0_1-148pgs__654755_dat.txt
bl1331	000927504_0_1-12pgs__608545_dat.txt
bl1332	002527125_0_1-38pgs__577479_dat.txt
bl1333	000241254_0_1-90pgs__581128_dat.txt
bl1334	003326065_0_1-94pgs__579486_dat.txt
bl1335	001268054_0_1-94pgs__578894_dat.txt
bl1336	001442148_0_1-184pgs__576077_dat.txt
bl1337	000884435_0_1-88pgs__579334_dat.txt
bl1338	003371081_0_1-84pgs__575539_dat.txt
bl1339	000640346_0_1-116pgs__574879_dat.txt
bl1340	002898188_0_1-44pgs__580665_dat.txt
bl1341	003316780_0_1-68pgs__568200_dat.txt
bl1342	003047011_0_1-128pgs__574819_dat.txt
bl1343	001704542_0_1-90pgs__578870_dat.txt
bl1344	000871573_0_1-86pgs__579530_dat.txt
bl1345	002508268_0_1-358pgs__560275_dat.txt
bl1346	000871562_0_1-62pgs__579259_dat.txt
bl1347	000001143_0_1-20pgs__560409_dat.txt
bl1348	002962898_0_1-94pgs__579477_dat.txt
bl1349	002110910_0_1-88pgs__579663_dat.txt
bl1350	002047806_0_1-114pgs__579396_dat.txt
bl1351	002906296_0_1-82pgs__579352_dat.txt
bl1352	001168885_0_1-92pgs__574915_dat.txt
bl1353	002387650_0_1-94pgs__578888_dat.txt
bl1354	002252799_0_1-52pgs__577801_dat.txt
bl1355	003371040_0_1-82pgs__575478_dat.txt
bl1356	000828042_0_1-90pgs__1144965_dat.txt
bl1357	000987791_0_1-106pgs__579344_dat.txt
bl1358	003448531_0_1-106pgs__580076_dat.txt
bl1359	000871560_0_1-38pgs__577840_dat.txt
bl1360	003873836_0_1-84pgs__578011_dat.txt
bl1361	003840545_0_1-44pgs__575505_dat.txt
bl1362	003370470_0_1-106pgs__580058_dat.txt
bl1363	001900894_0_1-82pgs__574723_dat.txt
bl1364	002110888_0_1-86pgs__579642_dat.txt
bl1365	001234390_0_1-72pgs__569539_dat.txt
bl1366	001679682_0_1-80pgs__576469_dat.txt
bl1367	003113028_0_1-56pgs__1100418_dat.txt
bl1368	001014606_0_1-112pgs__574245_dat.txt
bl1369	003047017_0_1-96pgs__574933_dat.txt
bl1370	001449809_0_1-76pgs__567330_dat.txt
bl1371	003369453_0_1-30pgs__562643_dat.txt
bl1372	002299613_0_1-32pgs__1072116_dat.txt
bl1373	002462653_0_1-42pgs__579303_dat.txt
bl1374	002284097_0_1-36pgs__576197_dat.txt
bl1375	002110957_0_1-78pgs__581069_dat.txt
bl1376	002263347_0_1-276pgs__575677_dat.txt
bl1377	002599409_0_1-66pgs__567037_dat.txt
bl1378	000860480_0_1-750pgs__560757_dat.txt
bl1379	003909236_0_1-8pgs__608541_dat.txt
bl1380	002685918_0_1-66pgs__579624_dat.txt
bl1381	000111406_0_1-66pgs__574745_dat.txt
bl1382	000987927_0_1-88pgs__569206_dat.txt
bl1383	000871536_0_1-84pgs__576222_dat.txt
bl1384	000559689_0_1-26pgs__565262_dat.txt
bl1385	003040981_0_1-76pgs__568104_dat.txt
bl1386	003085786_0_1-80pgs__608315_dat.txt
bl1387	002529096_0_1-44pgs__577521_dat.txt
bl1388	001746417_0_1-336pgs__666970_dat.txt
bl1389	002435076_0_1-64pgs__579705_dat.txt
bl1390	003950633_0_1-38pgs__1144536_dat.txt
bl1391	003349211_0_1-120pgs__579513_dat.txt
bl1392	003349181_0_1-104pgs__580263_dat.txt
bl1393	000860472_3_1-60pgs__578861_dat.txt
bl1394	003562142_0_1-44pgs__571203_dat.txt
bl1395	000252185_0_1-96pgs__577997_dat.txt
bl1396	002598941_0_1-78pgs__579627_dat.txt
bl1397	002486455_0_1-84pgs__569548_dat.txt
bl1398	000724436_0_1-94pgs__569184_dat.txt
bl1399	003600539_0_1-448pgs__569555_dat.txt
bl1400	002968126_0_1-48pgs__650405_dat.txt
bl1401	002368653_0_1-22pgs__608557_dat.txt
bl1402	003372149_0_1-90pgs__578833_dat.txt
bl1403	003796217_0_1-76pgs__580112_dat.txt
bl1404	000705182_0_1-52pgs__568377_dat.txt
bl1405	000215595_0_1-42pgs__578842_dat.txt
bl1406	003022443_0_1-116pgs__578857_dat.txt
bl1407	000987728_0_1-92pgs__567840_dat.txt
bl1408	003349195_0_1-84pgs__579678_dat.txt
bl1409	000964642_0_1-34pgs__574463_dat.txt
bl1410	000987952_0_1-78pgs__577387_dat.txt
bl1411	001552331_0_1-130pgs__568194_dat.txt
bl1412	002110978_0_1-60pgs__579639_dat.txt
bl1413	003561178_0_1-76pgs__579612_dat.txt
bl1414	003047016_0_1-68pgs__579443_dat.txt
bl1415	000828037_0_1-80pgs__577856_dat.txt
bl1416	000828033_0_1-94pgs__567834_dat.txt
bl1417	003583696_0_1-84pgs__574834_dat.txt
bl1418	003583681_0_1-70pgs__577448_dat.txt
bl1419	003948826_0_1-80pgs__580061_dat.txt
bl1420	001196437_0_1-16pgs__562812_dat.txt
bl1421	003344296_0_1-78pgs__569340_dat.txt
bl1422	001187574_0_1-92pgs__568446_dat.txt
bl1423	002962895_0_1-80pgs__579414_dat.txt
bl1424	000252175_0_1-76pgs__574870_dat.txt
bl1425	000987677_0_1-92pgs__579702_dat.txt
bl1426	001278407_0_1-80pgs__580257_dat.txt
bl1427	003349218_0_1-82pgs__567860_dat.txt
bl1428	003695762_0_1-32pgs__564567_dat.txt
bl1429	002742403_0_1-14pgs__565266_dat.txt
bl1430	003349174_0_1-116pgs__574945_dat.txt
bl1431	001746007_0_1-88pgs__579402_dat.txt
bl1432	000799696_0_1-74pgs__569160_dat.txt
bl1433	000241341_0_1-106pgs__579550_dat.txt
bl1434	000987770_0_1-76pgs__654745_dat.txt
bl1435	001965168_0_1-114pgs__579384_dat.txt
bl1436	001464953_0_1-88pgs__581060_dat.txt
bl1437	001253004_0_1-92pgs__579322_dat.txt
bl1438	000211229_0_1-20pgs__565259_dat.txt
bl1439	002371862_0_1-10pgs__560796_dat.txt
bl1440	001896308_0_1-100pgs__578930_dat.txt
bl1441	003349172_0_1-84pgs__580254_dat.txt
bl1442	000987874_0_1-72pgs__576098_dat.txt
bl1443	000975453_0_1-72pgs__579262_dat.txt
bl1444	000997538_0_1-92pgs__568454_dat.txt
bl1445	000987905_0_1-78pgs__576247_dat.txt
bl1446	002417003_0_1-106pgs__579684_dat.txt
bl1447	000252222_0_1-104pgs__569203_dat.txt
bl1448	002151456_0_1-42pgs__1083019_dat.txt
bl1449	002553315_0_1-66pgs__619044_dat.txt
bl1450	000686807_0_1-28pgs__568648_dat.txt
bl1451	003352477_0_1-90pgs__580079_dat.txt
bl1452	002802754_0_1-58pgs__581290_dat.txt
bl1453	001902698_0_1-68pgs__569545_dat.txt
bl1454	000654087_0_1-122pgs__578879_dat.txt
bl1455	003823383_0_1-114pgs__579089_dat.txt
bl1456	000106622_0_1-84pgs__569290_dat.txt
bl1457	004077038_0_1-78pgs__575543_dat.txt
bl1458	000444038_0_1-120pgs__587046_dat.txt
bl1459	000860480_0_1-754pgs__654579_dat.txt
bl1460	000444036_0_1-120pgs__567867_dat.txt
bl1461	001435177_0_1-80pgs__579389_dat.txt
bl1462	001837830_0_1-32pgs__1083039_dat.txt
bl1463	003349188_0_1-112pgs__579971_dat.txt
bl1464	003344308_0_1-94pgs__579498_dat.txt
bl1465	001678077_0_1-24pgs__659849_dat.txt
bl1466	002417091_0_1-92pgs__567825_dat.txt
bl1467	003047009_0_1-80pgs__1147278_dat.txt
bl1468	002110949_0_1-80pgs__576473_dat.txt
bl1469	001079198_0_1-28pgs__577784_dat.txt
bl1470	000792658_0_1-90pgs__568098_dat.txt
bl1471	003988493_0_1-120pgs__580118_dat.txt
bl1472	001000570_0_1-78pgs__579116_dat.txt
bl1473	003687881_0_1-136pgs__574837_dat.txt
bl1474	001268045_0_1-92pgs__578882_dat.txt
bl1475	003640503_0_1-100pgs__569173_dat.txt
bl1476	000252228_0_1-76pgs__576086_dat.txt
bl1477	002791817_0_1-64pgs__579038_dat.txt
bl1478	001500967_0_1-68pgs__579582_dat.txt
bl1479	001908811_0_1-90pgs__577979_dat.txt
bl1480	003354144_0_1-80pgs__579600_dat.txt
bl1481	001627043_0_1-84pgs__568954_dat.txt
bl1482	001145182_0_1-34pgs__575501_dat.txt
bl1483	003583998_0_1-84pgs__579558_dat.txt
bl1484	002521072_0_1-84pgs__569296_dat.txt
bl1485	002110903_0_1-90pgs__579660_dat.txt
bl1486	002602995_0_1-16pgs__659857_dat.txt
bl1487	002731608_0_1-90pgs__579459_dat.txt
bl1488	000828035_0_1-128pgs__574888_dat.txt
bl1489	001253003_0_1-84pgs__578903_dat.txt
bl1490	001268042_0_1-96pgs__568089_dat.txt
bl1491	002731601_0_1-84pgs__579368_dat.txt
bl1492	000241385_0_1-96pgs__569535_dat.txt
bl1493	002621731_0_1-78pgs__574734_dat.txt
bl1494	003370994_0_1-90pgs__575549_dat.txt
bl1495	002110882_0_1-88pgs__579648_dat.txt
bl1496	001080196_0_1-16pgs__575484_dat.txt
bl1497	000252173_0_1-122pgs__1144959_dat.txt
bl1498	003677276_0_1-76pgs__569494_dat.txt
bl1499	003349182_0_1-84pgs__579519_dat.txt
bl1500	002998521_0_1-24pgs__564641_dat.txt
bl1501	002110916_0_1-76pgs__579669_dat.txt
bl1502	000716174_0_1-34pgs__575683_dat.txt
bl1503	001014654_0_1-84pgs__574236_dat.txt
bl1504	002742599_0_1-50pgs__568325_dat.txt
bl1505	003448503_0_1-108pgs__580070_dat.txt
bl1506	002569083_0_1-84pgs__579362_dat.txt
bl1507	002502401_0_1-52pgs__568620_dat.txt
bl1508	001168902_0_1-88pgs__663353_dat.txt
bl1509	001677327_0_1-100pgs__579585_dat.txt
bl1510	000939576_0_1-68pgs__568203_dat.txt
bl1511	000848508_0_1-90pgs__569170_dat.txt
bl1512	001014623_0_1-76pgs__576464_dat.txt
bl1513	002571996_0_1-58pgs__579083_dat.txt
bl1514	002417090_0_1-92pgs__579435_dat.txt
bl1515	001794371_0_1-20pgs__652325_dat.txt
bl1516	003873814_0_1-92pgs__574844_dat.txt
bl1517	000950396_0_1-68pgs__569482_dat.txt
bl1518	002731668_0_1-92pgs__581072_dat.txt
bl1519	002731614_0_1-84pgs__579468_dat.txt
bl1520	000241480_0_1-76pgs__579300_dat.txt
bl1521	003099771_0_1-62pgs__569067_dat.txt
bl1522	000484320_0_1-100pgs__579092_dat.txt
bl1523	001253010_0_1-84pgs__578232_dat.txt
bl1524	002272407_0_1-80pgs__579594_dat.txt
bl1525	001975740_0_1-106pgs__652254_dat.txt
bl1526	002396288_0_1-92pgs__576202_dat.txt
bl1527	003705288_0_1-22pgs__577817_dat.txt
bl1528	000607815_0_1-88pgs__569074_dat.txt
bl1529	000871956_0_1-82pgs__579306_dat.txt
bl1530	002740463_0_1-36pgs__575782_dat.txt
bl1531	001014616_0_1-76pgs__579621_dat.txt
bl1532	000987811_0_1-84pgs__654736_dat.txt
bl1533	002481671_0_1-84pgs__579130_dat.txt
bl1534	002973292_0_1-84pgs__579599_dat.txt
bl1535	000828027_0_1-114pgs__577541_dat.txt
bl1536	001823663_0_1-90pgs__579555_dat.txt
bl1537	003349204_0_1-108pgs__569079_dat.txt
bl1538	001253016_0_1-90pgs__579375_dat.txt
bl1539	002599406_0_1-90pgs__578873_dat.txt
bl1540	002101309_0_1-80pgs__574918_dat.txt
bl1541	001730578_0_1-70pgs__579432_dat.txt
bl1542	002925268_0_1-72pgs__569489_dat.txt
bl1543	002731594_0_1-76pgs__579465_dat.txt
bl1544	000828024_0_1-100pgs__569575_dat.txt
bl1545	002739814_0_1-16pgs__576872_dat.txt
bl1546	003349200_0_1-76pgs__579968_dat.txt
bl1547	000252210_0_1-100pgs__569202_dat.txt
bl1548	003582834_0_1-104pgs__576215_dat.txt
bl1549	003080072_0_1-88pgs__574825_dat.txt
bl1550	002272403_0_1-80pgs__579687_dat.txt
bl1551	001064449_0_1-58pgs__567809_dat.txt
bl1552	002462705_0_1-28pgs__579080_dat.txt
bl1553	003047991_0_1-88pgs__569197_dat.txt
bl1554	001253037_0_1-130pgs__571951_dat.txt
bl1555	003371012_0_1-82pgs__574794_dat.txt
bl1556	003678244_0_1-82pgs__567813_dat.txt
bl1557	003022545_0_1-94pgs__574789_dat.txt
bl1558	003349213_0_1-88pgs__579516_dat.txt
bl1559	000987920_0_1-108pgs__654725_dat.txt
bl1560	000787512_0_1-78pgs__571949_dat.txt
bl1561	001435179_0_1-72pgs__579395_dat.txt
bl1562	001530656_0_1-356pgs__560086_dat.txt
bl1563	001647245_0_1-72pgs__568455_dat.txt
bl1564	002486456_0_1-84pgs__579438_dat.txt
bl1565	000413643_0_1-108pgs__574875_dat.txt
bl1566	002486399_0_1-88pgs__1144957_dat.txt
bl1567	000987692_0_1-214pgs__577544_dat.txt
bl1568	003014682_0_1-142pgs__560272_dat.txt
bl1569	000987813_0_1-84pgs__576101_dat.txt
bl1570	003344284_0_1-108pgs__574939_dat.txt
bl1571	002417017_0_1-96pgs__579381_dat.txt
bl1572	003448526_0_1-80pgs__580063_dat.txt
bl1573	001376528_0_1-68pgs__567079_dat.txt
bl1574	000828041_0_1-98pgs__574886_dat.txt
bl1575	000159302_0_1-96pgs__574909_dat.txt
bl1576	000252181_0_1-108pgs__578024_dat.txt
bl1577	001900833_0_1-118pgs__569527_dat.txt
bl1578	002958129_0_1-38pgs__569269_dat.txt
bl1579	000828050_0_1-82pgs__582979_dat.txt
bl1580	003371001_0_1-74pgs__569533_dat.txt
bl1581	001900878_0_1-126pgs__578891_dat.txt
bl1582	003988489_0_1-84pgs__579916_dat.txt
bl1583	000252167_0_1-84pgs__574865_dat.txt
bl1584	003014686_0_1-84pgs__568449_dat.txt
bl1585	001629219_0_1-80pgs__579579_dat.txt
bl1586	001901004_0_1-109pgs__569524_dat.txt
bl1587	002417071_0_1-102pgs__579690_dat.txt
bl1588	001677278_0_1-62pgs__578836_dat.txt
bl1589	002101310_0_1-80pgs__560212_dat.txt
bl1590	003926214_0_1-88pgs__574853_dat.txt
bl1591	001168883_0_1-92pgs__574248_dat.txt
bl1592	000241337_0_1-76pgs__580081_dat.txt
bl1593	000241326_0_1-92pgs__569068_dat.txt
bl1594	000860480_0_1-74pgs__581099_dat.txt
bl1595	002569080_0_1-40pgs__579365_dat.txt
bl1596	001679412_0_1-40pgs__562819_dat.txt
bl1597	001748776_0_1-76pgs__579131_dat.txt
bl1598	003988497_0_1-108pgs__579911_dat.txt
bl1599	001248523_0_1-290pgs__1031971_dat.txt
bl1600	003349193_0_1-114pgs__579522_dat.txt
bl1601	003371069_0_1-92pgs__577503_dat.txt
bl1602	002345984_0_1-92pgs__574924_dat.txt
bl1603	000190878_0_1-84pgs__577862_dat.txt
bl1604	000674864_0_1-84pgs__579907_dat.txt
bl1605	002416994_0_1-92pgs__579408_dat.txt
bl1606	003344326_0_1-108pgs__574942_dat.txt
bl1607	000241342_0_1-106pgs__564480_dat.txt
bl1608	001746009_0_1-92pgs__579447_dat.txt
bl1609	000987716_0_1-12pgs__570475_dat.txt
bl1610	003091257_0_1-82pgs__569572_dat.txt
bl1611	000987926_0_1-88pgs__576104_dat.txt
bl1612	000756236_0_1-94pgs__579098_dat.txt
bl1613	000987861_0_1-92pgs__574219_dat.txt
bl1614	003803903_0_1-68pgs__569490_dat.txt
bl1615	002731593_0_1-86pgs__579456_dat.txt
bl1616	003823628_0_1-8pgs__608539_dat.txt
bl1617	000987769_0_1-86pgs__574221_dat.txt
bl1618	001476086_0_1-78pgs__567849_dat.txt
bl1619	000987910_0_1-60pgs__654749_dat.txt
bl1620	000805381_0_1-568pgs__564819_dat.txt
bl1621	003371054_0_1-96pgs__579275_dat.txt
bl1622	000738456_0_1-82pgs__579318_dat.txt
bl1623	003371037_0_1-82pgs__575546_dat.txt
bl1624	002973290_0_1-68pgs__574816_dat.txt
bl1625	003212313_0_1-90pgs__579113_dat.txt
bl1626	003926212_0_1-90pgs__569557_dat.txt
bl1627	001647244_0_1-40pgs__569182_dat.txt
bl1628	001040107_0_1-76pgs__579405_dat.txt
bl1629	000242317_0_1-68pgs__574739_dat.txt
bl1630	001901013_0_1-80pgs__574722_dat.txt
bl1631	001253007_0_1-84pgs__578897_dat.txt
bl1632	003210983_0_1-14pgs__560794_dat.txt
bl1633	003988484_0_1-116pgs__579908_dat.txt
bl1634	003584000_0_1-68pgs__579294_dat.txt
bl1635	002407010_0_1-112pgs__561895_dat.txt
bl1636	003349199_0_1-96pgs__580238_dat.txt
bl1637	003352477_0_1-82pgs__567828_dat.txt
bl1638	000979454_0_1-52pgs__576236_dat.txt
bl1639	000188917_0_1-76pgs__578004_dat.txt
bl1640	003968304_0_1-14pgs__577480_dat.txt
bl1641	001677309_0_1-68pgs__579419_dat.txt
bl1642	003448566_0_1-96pgs__580067_dat.txt
bl1643	003823617_0_1-62pgs__568372_dat.txt
bl1644	001315329_0_1-122pgs__574813_dat.txt
bl1645	003326060_0_1-84pgs__579485_dat.txt
bl1646	000190864_0_1-84pgs__574859_dat.txt
bl1647	003371084_0_1-78pgs__579272_dat.txt
bl1648	003905215_0_1-72pgs__568957_dat.txt
bl1649	002300161_0_1-18pgs__565257_dat.txt
bl1650	002041979_0_1-22pgs__574059_dat.txt
bl1651	000484318_0_1-60pgs__579284_dat.txt
bl1652	001677332_0_1-88pgs__579574_dat.txt
bl1653	001168890_0_1-116pgs__577976_dat.txt
bl1654	002110955_0_1-82pgs__579651_dat.txt
bl1655	000871571_0_1-68pgs__567837_dat.txt
bl1656	003349205_0_1-84pgs__580049_dat.txt
bl1657	003121892_0_1-22pgs__659847_dat.txt
bl1658	003018918_0_1-80pgs__579637_dat.txt
bl1659	003903664_0_1-42pgs__578141_dat.txt
bl1660	001014657_0_1-84pgs__579616_dat.txt
bl1661	003480289_0_1-62pgs__579696_dat.txt
bl1662	002502624_0_1-592pgs__662314_dat.txt
bl1663	001476079_0_1-40pgs__1083049_dat.txt
bl1664	001857620_0_1-92pgs__569167_dat.txt
bl1665	000515955_0_1-64pgs__574469_dat.txt
bl1666	001449815_0_1-80pgs__568820_dat.txt
bl1667	000412069_0_1-20pgs__575490_dat.txt
bl1668	000252208_0_1-76pgs__569566_dat.txt
bl1669	001014636_0_1-84pgs__574234_dat.txt
bl1670	003558565_0_1-46pgs__579606_dat.txt
bl1671	003344298_0_1-84pgs__579492_dat.txt
bl1672	002277950_0_1-214pgs__581300_dat.txt
bl1673	002387275_0_1-86pgs__579411_dat.txt
bl1674	003873852_0_1-72pgs__574849_dat.txt
bl1675	000805491_0_1-106pgs__574482_dat.txt
bl1676	000241487_0_1-52pgs__574804_dat.txt
bl1677	001168901_0_1-100pgs__577538_dat.txt
bl1678	003354250_0_1-76pgs__579429_dat.txt
bl1679	002599398_0_1-134pgs__661525_dat.txt
bl1680	000987753_0_1-90pgs__577850_dat.txt
bl1681	002621731_0_1-80pgs__579087_dat.txt
bl1682	003014602_0_1-224pgs__560269_dat.txt
bl1683	003431886_0_1-40pgs__576795_dat.txt
bl1684	003344285_0_1-94pgs__567855_dat.txt
bl1685	000439737_0_1-60pgs__568649_dat.txt
bl1686	003823253_0_1-92pgs__579040_dat.txt
bl1687	000849202_0_1-100pgs__568206_dat.txt
bl1688	003091256_0_1-80pgs__568443_dat.txt
bl1689	003344295_0_1-88pgs__579495_dat.txt
bl1690	000718516_0_1-84pgs__1147027_dat.txt
bl1691	003527618_0_1-60pgs__579424_dat.txt
bl1692	001253017_0_1-92pgs__579593_dat.txt
bl1693	000665621_0_1-12pgs__659852_dat.txt
bl11	002166832_0_1-80pgs__569562_dat.txt
bl12	002599399_0_1-66pgs__579444_dat.txt
bl13	000987706_0_1-76pgs__654735_dat.txt
bl14	001040120_0_1-180pgs__608316_dat.txt
bl15	000823754_0_1-42pgs__579077_dat.txt
bl16	003823623_0_1-12pgs__562813_dat.txt
bl17	003619088_0_1-32pgs__564538_dat.txt
bl18	003371015_0_1-88pgs__579269_dat.txt
bl19	002396298_0_1-84pgs__576229_dat.txt
bl110	000665415_0_1-22pgs__570473_dat.txt
bl111	002387322_0_1-86pgs__576245_dat.txt
bl112	000805467_0_1-44pgs__569262_dat.txt
bl113	000840022_0_1-32pgs__576137_dat.txt
bl114	000860472_2_1-80pgs__581008_dat.txt
bl115	000660920_0_1-90pgs__579534_dat.txt
bl116	003873812_0_1-124pgs__581012_dat.txt
bl117	002630810_0_1-68pgs__578885_dat.txt
bl118	000907432_0_1-30pgs__568296_dat.txt
bl119	000444030_0_1-146pgs__580022_dat.txt
bl120	004115210_0_1-76pgs__581006_dat.txt
bl121	003211830_0_1-52pgs__578948_dat.txt
bl122	001521522_0_1-140pgs__569057_dat.txt
bl123	003569512_0_1-50pgs__579540_dat.txt
bl124	003371060_0_1-86pgs__578831_dat.txt
bl125	001819467_0_1-74pgs__568933_dat.txt
bl126	002110976_0_1-76pgs__574921_dat.txt
bl127	002901305_0_1-376pgs__608311_dat.txt
bl128	000797511_0_1-38pgs__572819_dat.txt
bl129	003344337_0_1-80pgs__569497_dat.txt
bl130	000631705_0_1-68pgs__569218_dat.txt
bl131	000444032_0_1-62pgs__567870_dat.txt
bl132	003688589_0_1-68pgs__568065_dat.txt
bl133	002417012_0_1-92pgs__579683_dat.txt
bl134	003047002_0_1-96pgs__568110_dat.txt
bl135	003873835_0_1-104pgs__574848_dat.txt
bl136	000987856_0_1-92pgs__576092_dat.txt
bl137	000665607_0_1-14pgs__608555_dat.txt
bl138	001168900_0_1-108pgs__568827_dat.txt
bl139	001677345_0_1-84pgs__579420_dat.txt
bl140	000724435_0_1-94pgs__661527_dat.txt
bl141	002435062_0_1-80pgs__569326_dat.txt
bl142	003316779_0_1-80pgs__569215_dat.txt
bl143	000674863_0_1-104pgs__574855_dat.txt
bl144	001831748_0_1-60pgs__578839_dat.txt
bl145	001014661_0_1-90pgs__567843_dat.txt
bl146	003344312_0_1-68pgs__579507_dat.txt
bl147	003326064_0_1-94pgs__579489_dat.txt
bl148	000987670_0_1-74pgs__654746_dat.txt
bl149	002644642_0_1-78pgs__1069194_dat.txt
bl150	002569071_0_1-80pgs__579675_dat.txt
bl151	002177162_0_1-84pgs__1144808_dat.txt
bl152	000871551_0_1-52pgs__579564_dat.txt
bl153	003448571_0_1-76pgs__568463_dat.txt
bl154	002953225_0_1-74pgs__579353_dat.txt
bl155	003796238_0_1-72pgs__580084_dat.txt
bl156	002299204_0_1-90pgs__574783_dat.txt
bl157	001915259_0_1-92pgs__560209_dat.txt
bl158	003988446_0_1-88pgs__574951_dat.txt
bl159	003665410_0_1-64pgs__631775_dat.txt
bl160	003032384_0_1-32pgs__1083059_dat.txt
bl161	000987700_0_1-156pgs__1170484_dat.txt
bl162	003528615_0_1-60pgs__576869_dat.txt
bl163	003047019_0_1-92pgs__579480_dat.txt
bl164	002621350_0_1-30pgs__568950_dat.txt
bl165	003326058_0_1-80pgs__574936_dat.txt
bl166	000623044_0_1-110pgs__574876_dat.txt
bl167	002110891_0_1-92pgs__579657_dat.txt
bl168	000828021_0_1-114pgs__574894_dat.txt
bl169	003371075_0_1-44pgs__574792_dat.txt
bl170	000987888_0_1-76pgs__654752_dat.txt
bl171	001509795_0_1-374pgs__574954_dat.txt
bl172	001876770_0_1-76pgs__579503_dat.txt
bl173	000241461_0_1-142pgs__569450_dat.txt
bl174	002731669_0_1-76pgs__579462_dat.txt
bl175	003047015_0_1-86pgs__574822_dat.txt
bl176	002486393_0_1-90pgs__579609_dat.txt
bl177	000241362_0_1-90pgs__579338_dat.txt
bl178	000860472_1_1-96pgs__576059_dat.txt
bl179	003919856_0_1-146pgs__569139_dat.txt
bl180	001253024_0_1-108pgs__576224_dat.txt
bl181	002177156_0_1-108pgs__569466_dat.txt
bl182	002599202_0_1-18pgs__565268_dat.txt
bl183	000075704_0_1-44pgs__1083069_dat.txt
bl184	002366318_0_1-20pgs__575681_dat.txt
bl185	000744786_0_1-44pgs__561897_dat.txt
bl186	000241406_0_1-84pgs__576218_dat.txt
bl187	001793259_0_1-66pgs__569551_dat.txt
bl188	000987705_0_1-100pgs__569212_dat.txt
bl189	000769055_0_1-106pgs__579108_dat.txt
bl190	000241345_0_1-92pgs__580124_dat.txt
bl191	000828044_0_1-88pgs__574203_dat.txt
bl192	002743394_0_1-66pgs__568591_dat.txt
bl193	003848067_0_1-36pgs__568298_dat.txt
bl194	002731602_0_1-74pgs__579372_dat.txt
bl195	003371064_0_1-96pgs__568095_dat.txt
bl196	002569072_0_1-92pgs__579699_dat.txt
bl197	002702850_0_1-154pgs__579871_dat.txt
bl198	000427453_0_1-40pgs__579074_dat.txt
bl199	000660943_0_1-84pgs__578847_dat.txt
bl1100	001664305_0_1-84pgs__579474_dat.txt
bl1101	000987649_0_1-88pgs__574230_dat.txt
bl1102	003583688_0_1-78pgs__579935_dat.txt
bl1103	002599397_0_1-92pgs__581242_dat.txt
bl1104	003061122_0_1-96pgs__576082_dat.txt
bl1105	000980826_0_1-20pgs__577458_dat.txt
bl1106	002417091_0_1-22pgs__581042_dat.txt
bl1107	003256748_0_1-82pgs__569329_dat.txt
bl1108	003352678_0_1-82pgs__567861_dat.txt
bl1109	003038737_0_1-112pgs__652257_dat.txt
bl1110	003493777_0_1-112pgs__579710_dat.txt
bl1111	001253032_0_1-84pgs__581063_dat.txt
bl1112	000109780_0_1-64pgs__574740_dat.txt
bl1113	001255870_0_1-90pgs__574828_dat.txt
bl1114	002599406_0_1-90pgs__580234_dat.txt
bl1115	000828043_0_1-88pgs__574206_dat.txt
bl1116	000987675_0_1-92pgs__654731_dat.txt
bl1117	003914756_0_1-74pgs__579097_dat.txt
bl1118	002387339_0_1-156pgs__576242_dat.txt
bl1119	004115138_0_1-84pgs__579538_dat.txt
bl1120	003210974_0_1-80pgs__568614_dat.txt
bl1121	002440903_0_1-92pgs__579693_dat.txt
bl1122	003038736_0_1-112pgs__574785_dat.txt
bl1123	002417072_0_1-92pgs__579331_dat.txt
bl1124	003083825_0_1-16pgs__574473_dat.txt
bl1125	001268052_0_1-96pgs__568439_dat.txt
bl1126	000241411_0_1-78pgs__579510_dat.txt
bl1127	001257746_0_1-32pgs__568814_dat.txt
bl1128	001435172_0_1-82pgs__569188_dat.txt
bl1129	002462657_0_1-32pgs__567013_dat.txt
bl1130	003371066_0_1-76pgs__567824_dat.txt
bl1131	002593717_0_1-28pgs__565042_dat.txt
bl1132	003111782_0_1-70pgs__576208_dat.txt
bl1133	000756234_0_1-98pgs__650124_dat.txt
bl1134	002270601_0_1-93pgs__643282_dat.txt
bl1135	002414113_0_1-84pgs__579576_dat.txt
bl1136	002962897_0_1-104pgs__574930_dat.txt
bl1137	000896061_0_1-78pgs__569062_dat.txt
bl1138	000653999_0_1-82pgs__568434_dat.txt
bl1139	001031017_0_1-80pgs__577970_dat.txt
bl1140	001268030_0_1-98pgs__576228_dat.txt
bl1141	000241403_0_1-96pgs__579543_dat.txt
bl1142	002896077_0_1-20pgs__659854_dat.txt
bl1143	002232210_0_1-84pgs__579121_dat.txt
bl1144	003349216_0_1-122pgs__580280_dat.txt
bl1145	003358542_0_1-74pgs__579618_dat.txt
bl1146	003053716_0_1-52pgs__579356_dat.txt
bl1147	002905012_0_1-32pgs__580650_dat.txt
bl1148	003142233_0_1-68pgs__568102_dat.txt
bl1149	001014626_0_1-116pgs__568209_dat.txt
bl1150	000939577_0_1-68pgs__568610_dat.txt
bl1151	003371042_0_1-76pgs__574799_dat.txt
bl1152	001824794_0_1-40pgs__560415_dat.txt
bl1153	003022568_0_1-42pgs__578843_dat.txt
bl1154	000987688_0_1-26pgs__574367_dat.txt
bl1155	002942150_0_1-16pgs__562609_dat.txt
bl1156	000660893_0_1-140pgs__643280_dat.txt
bl1157	003988499_0_1-108pgs__568617_dat.txt
bl1158	003070879_0_1-44pgs__1083080_dat.txt
bl1159	001048236_0_1-32pgs__608537_dat.txt
bl1160	003892868_0_1-524pgs__568966_dat.txt
bl1161	000613390_0_1-84pgs__579266_dat.txt
bl1162	002644654_0_1-20pgs__569154_dat.txt
bl1163	001186704_0_1-62pgs__568191_dat.txt
bl1164	000241404_0_1-96pgs__579551_dat.txt
bl1165	002731613_0_1-84pgs__574928_dat.txt
bl1166	000051983_0_1-92pgs__568584_dat.txt
bl1167	003112351_0_1-72pgs__576211_dat.txt
bl1168	003014569_0_1-172pgs__560265_dat.txt
bl1169	003371035_0_1-96pgs__569475_dat.txt
bl1170	000849211_0_1-76pgs__576106_dat.txt
bl1171	001873657_0_1-68pgs__567852_dat.txt
bl1172	002501548_0_1-924pgs__1170487_dat.txt
bl1173	000979449_0_1-28pgs__564647_dat.txt
bl1174	003371034_0_1-104pgs__568092_dat.txt
bl1175	001633819_0_1-86pgs__579126_dat.txt
bl1176	000735632_0_1-38pgs__565732_dat.txt
bl1177	001435171_0_1-72pgs__579567_dat.txt
bl1178	000849614_0_1-68pgs__576233_dat.txt
bl1179	000871491_0_1-72pgs__577560_dat.txt
bl1180	003583699_0_1-84pgs__574950_dat.txt
bl1181	003047010_0_1-100pgs__579588_dat.txt
bl1182	002047808_0_1-60pgs__568458_dat.txt
bl1183	002941529_0_1-226pgs__565242_dat.txt
bl1184	001553618_0_1-100pgs__579328_dat.txt
bl1185	002952721_0_1-346pgs__625035_dat.txt
bl1186	000987712_0_1-66pgs__654729_dat.txt
bl1187	003371065_0_1-92pgs__569530_dat.txt
bl1188	000805379_0_1-570pgs__608714_dat.txt
bl1189	003219045_0_1-68pgs__579453_dat.txt
bl1190	000828049_0_1-80pgs__574209_dat.txt
bl1191	002896070_0_1-68pgs__568960_dat.txt
bl1192	002423084_0_1-20pgs__564539_dat.txt
bl1193	003178337_0_1-82pgs__568816_dat.txt
bl1194	001187348_0_1-44pgs__569474_dat.txt
bl1195	001818869_0_1-16pgs__562816_dat.txt
bl1196	003658271_0_1-8pgs__608551_dat.txt
bl1197	002416979_0_1-92pgs__579341_dat.txt
bl1198	002962896_0_1-114pgs__578875_dat.txt
bl1199	003741628_0_1-92pgs__579630_dat.txt
bl1200	000997534_0_1-72pgs__569078_dat.txt
bl1201	003336721_0_1-64pgs__581057_dat.txt
bl1202	003898118_0_1-74pgs__579902_dat.txt
bl1203	001647246_0_1-94pgs__578923_dat.txt
bl1204	003376956_0_1-96pgs__569293_dat.txt
bl1205	003984835_0_1-72pgs__580115_dat.txt
bl1206	001474667_0_1-100pgs__579570_dat.txt
bl1207	000640336_0_1-76pgs__568107_dat.txt
bl1208	003583986_0_1-50pgs__579297_dat.txt
bl1209	002417022_0_1-104pgs__579378_dat.txt
bl1210	003047012_0_1-92pgs__579347_dat.txt
bl1211	003873803_0_1-76pgs__577534_dat.txt
bl1212	003344277_0_1-76pgs__579504_dat.txt
bl1213	003349185_0_1-92pgs__577442_dat.txt
bl1214	003234455_0_1-36pgs__1083027_dat.txt
bl1215	000059805_0_1-56pgs__579101_dat.txt
bl1216	000241263_0_1-1168pgs__1170486_dat.txt
bl1217	000241480_0_1-84pgs__567819_dat.txt
bl1218	003022543_0_1-80pgs__568440_dat.txt
bl1219	000960252_0_1-92pgs__578009_dat.txt
bl1220	000805386_0_1-176pgs__608716_dat.txt
bl1221	003873853_0_1-84pgs__581096_dat.txt
bl1222	003798233_0_1-36pgs__569370_dat.txt
bl1223	002083185_0_1-76pgs__576205_dat.txt
bl1224	000887633_0_1-82pgs__569163_dat.txt
bl1225	000607025_0_1-112pgs__569179_dat.txt
bl1226	001252999_0_1-88pgs__574807_dat.txt
bl1227	002806976_0_1-26pgs__574462_dat.txt
bl1228	000252232_0_1-76pgs__1144962_dat.txt
bl1229	001249302_0_1-14pgs__562823_dat.txt
bl1230	004115208_0_1-128pgs__579254_dat.txt
bl1231	000987654_0_1-86pgs__654760_dat.txt
bl1232	003255413_0_1-32pgs__568476_dat.txt
bl1233	003371050_0_1-56pgs__568188_dat.txt
bl1234	000660938_0_1-82pgs__579528_dat.txt
bl1235	003210974_0_1-82pgs__574832_dat.txt
bl1236	003194022_0_1-122pgs__574466_dat.txt
bl1237	000987726_0_1-124pgs__574215_dat.txt
bl1238	003371055_0_1-100pgs__568609_dat.txt
bl1239	003371020_0_1-74pgs__578945_dat.txt
bl1240	002905058_0_1-46pgs__580454_dat.txt
bl1241	000987775_0_1-78pgs__576094_dat.txt
bl1242	000252168_0_1-82pgs__574867_dat.txt
bl1243	003583689_0_1-76pgs__576080_dat.txt
bl1244	000241331_0_1-80pgs__569047_dat.txt
bl1245	002177164_0_1-96pgs__569470_dat.txt
bl1246	001747203_0_1-108pgs__652260_dat.txt
bl1247	003371046_0_1-68pgs__579283_dat.txt
bl1248	002599397_0_1-92pgs__578906_dat.txt
bl1249	000241330_0_1-74pgs__574801_dat.txt
bl1250	001900865_0_1-116pgs__574717_dat.txt
bl1251	000560363_0_1-88pgs__567816_dat.txt
bl1252	003212310_0_1-94pgs__569153_dat.txt
bl1253	000744696_0_1-306pgs__578096_dat.txt
bl1254	003358309_0_1-88pgs__579452_dat.txt
bl1255	000622839_0_1-68pgs__568813_dat.txt
bl1256	000871490_0_1-76pgs__576088_dat.txt
bl1257	001435173_0_1-80pgs__579561_dat.txt
bl1258	001166192_0_1-86pgs__569484_dat.txt
bl1259	000828040_0_1-100pgs__574882_dat.txt
bl1260	000828034_0_1-154pgs__569332_dat.txt
bl1261	000248501_0_1-74pgs__567864_dat.txt
bl1262	003349201_0_1-72pgs__580260_dat.txt
bl1263	002417063_0_1-108pgs__569194_dat.txt
bl1264	000241474_0_1-50pgs__574811_dat.txt
bl1265	002110946_0_1-82pgs__578255_dat.txt
bl1266	001677342_0_1-84pgs__569191_dat.txt
bl1267	003349214_0_1-100pgs__580244_dat.txt
bl1268	002991063_0_1-76pgs__581053_dat.txt
bl1269	003218157_0_1-18pgs__564683_dat.txt
bl1270	001747446_0_1-8pgs__608550_dat.txt
bl1271	001014651_0_1-84pgs__576467_dat.txt
bl1272	001449813_0_1-116pgs__579316_dat.txt
bl1273	000241462_0_1-64pgs__568428_dat.txt
bl1274	002486378_0_1-68pgs__569071_dat.txt
bl1275	001677308_0_1-84pgs__579390_dat.txt
bl1276	000000874_0_1-22pgs__570785_dat.txt
bl1277	002938347_0_1-94pgs__576578_dat.txt
bl1278	000987606_0_1-112pgs__574224_dat.txt
bl1279	003214167_0_1-108pgs__568134_dat.txt
bl1280	000241456_0_1-82pgs__579325_dat.txt
bl1281	001677256_0_1-100pgs__569544_dat.txt
bl1282	001601049_0_1-100pgs__576241_dat.txt
bl1283	003349223_0_1-92pgs__580247_dat.txt
bl1284	004115209_0_1-98pgs__579309_dat.txt
bl1285	002299790_0_1-96pgs__568197_dat.txt
bl1286	001014632_0_1-80pgs__574242_dat.txt
bl1287	002599395_0_1-74pgs__578900_dat.txt
bl1288	001845131_0_1-12pgs__575504_dat.txt
bl1289	002110881_0_1-92pgs__579645_dat.txt
bl1290	003583999_0_1-86pgs__568323_dat.txt
bl1291	003460087_0_1-124pgs__1147574_dat.txt
bl1292	000787341_0_1-98pgs__578150_dat.txt
bl1293	002802722_0_1-222pgs__569095_dat.txt
bl1294	002298780_0_1-16pgs__580668_dat.txt
bl1295	000987811_0_1-92pgs__574227_dat.txt
bl1296	002300122_0_1-70pgs__579122_dat.txt
bl1297	003371003_0_1-68pgs__578933_dat.txt
bl1298	000828022_0_1-76pgs__574214_dat.txt
bl1299	002919631_0_1-12pgs__564543_dat.txt
bl1300	003371019_0_1-84pgs__581020_dat.txt
bl1301	001268021_0_1-92pgs__569521_dat.txt
bl1302	001677250_0_1-82pgs__608320_dat.txt
bl1303	002252848_0_1-60pgs__581078_dat.txt
bl1304	003873805_0_1-100pgs__574840_dat.txt
bl1305	002251230_0_1-38pgs__576865_dat.txt
bl1306	001880622_0_1-40pgs__577532_dat.txt
bl1307	001746559_0_1-84pgs__579400_dat.txt
bl1308	000896048_0_1-80pgs__574912_dat.txt
bl1309	003349221_0_1-76pgs__568832_dat.txt
bl1310	001799393_0_1-76pgs__568929_dat.txt
bl1311	000940254_0_1-56pgs__569265_dat.txt
bl1312	003680104_0_1-76pgs__580133_dat.txt
bl1313	001720349_0_1-124pgs__569157_dat.txt
bl1314	000987687_0_1-20pgs__560412_dat.txt
bl1315	002266317_0_1-82pgs__579110_dat.txt
bl1316	002110900_0_1-68pgs__579668_dat.txt
bl1317	003442119_0_1-82pgs__576199_dat.txt
bl1318	004000889_0_1-152pgs__574503_dat.txt
bl1319	000987922_0_1-108pgs__577853_dat.txt
bl1320	000252187_0_1-90pgs__569006_dat.txt
bl1321	000871949_0_1-76pgs__577379_dat.txt
bl1322	001186724_0_1-80pgs__1170134_dat.txt
bl1323	000470041_0_1-76pgs__579104_dat.txt
bl1324	001168884_0_1-92pgs__574250_dat.txt
bl1325	002110884_0_1-80pgs__579359_dat.txt
bl1326	000241387_0_1-84pgs__579291_dat.txt
bl1327	003351452_0_1-100pgs__580210_dat.txt
bl1328	003583676_0_1-78pgs__579932_dat.txt
bl1329	002798407_0_1-60pgs__568830_dat.txt
bl1330	000987700_0_1-148pgs__654755_dat.txt
bl1331	000927504_0_1-12pgs__608545_dat.txt
bl1332	002527125_0_1-38pgs__577479_dat.txt
bl1333	000241254_0_1-90pgs__581128_dat.txt
bl1334	003326065_0_1-94pgs__579486_dat.txt
bl1335	001268054_0_1-94pgs__578894_dat.txt
bl1336	001442148_0_1-184pgs__576077_dat.txt
bl1337	000884435_0_1-88pgs__579334_dat.txt
bl1338	003371081_0_1-84pgs__575539_dat.txt
bl1339	000640346_0_1-116pgs__574879_dat.txt
bl1340	002898188_0_1-44pgs__580665_dat.txt
bl1341	003316780_0_1-68pgs__568200_dat.txt
bl1342	003047011_0_1-128pgs__574819_dat.txt
bl1343	001704542_0_1-90pgs__578870_dat.txt
bl1344	000871573_0_1-86pgs__579530_dat.txt
bl1345	002508268_0_1-358pgs__560275_dat.txt
bl1346	000871562_0_1-62pgs__579259_dat.txt
bl1347	000001143_0_1-20pgs__560409_dat.txt
bl1348	002962898_0_1-94pgs__579477_dat.txt
bl1349	002110910_0_1-88pgs__579663_dat.txt
bl1350	002047806_0_1-114pgs__579396_dat.txt
bl1351	002906296_0_1-82pgs__579352_dat.txt
bl1352	001168885_0_1-92pgs__574915_dat.txt
bl1353	002387650_0_1-94pgs__578888_dat.txt
bl1354	002252799_0_1-52pgs__577801_dat.txt
bl1355	003371040_0_1-82pgs__575478_dat.txt
bl1356	000828042_0_1-90pgs__1144965_dat.txt
bl1357	000987791_0_1-106pgs__579344_dat.txt
bl1358	003448531_0_1-106pgs__580076_dat.txt
bl1359	000871560_0_1-38pgs__577840_dat.txt
bl1360	003873836_0_1-84pgs__578011_dat.txt
bl1361	003840545_0_1-44pgs__575505_dat.txt
bl1362	003370470_0_1-106pgs__580058_dat.txt
bl1363	001900894_0_1-82pgs__574723_dat.txt
bl1364	002110888_0_1-86pgs__579642_dat.txt
bl1365	001234390_0_1-72pgs__569539_dat.txt
bl1366	001679682_0_1-80pgs__576469_dat.txt
bl1367	003113028_0_1-56pgs__1100418_dat.txt
bl1368	001014606_0_1-112pgs__574245_dat.txt
bl1369	003047017_0_1-96pgs__574933_dat.txt
bl1370	001449809_0_1-76pgs__567330_dat.txt
bl1371	003369453_0_1-30pgs__562643_dat.txt
bl1372	002299613_0_1-32pgs__1072116_dat.txt
bl1373	002462653_0_1-42pgs__579303_dat.txt
bl1374	002284097_0_1-36pgs__576197_dat.txt
bl1375	002110957_0_1-78pgs__581069_dat.txt
bl1376	002263347_0_1-276pgs__575677_dat.txt
bl1377	002599409_0_1-66pgs__567037_dat.txt
bl1378	000860480_0_1-750pgs__560757_dat.txt
bl1379	003909236_0_1-8pgs__608541_dat.txt
bl1380	002685918_0_1-66pgs__579624_dat.txt
bl1381	000111406_0_1-66pgs__574745_dat.txt
bl1382	000987927_0_1-88pgs__569206_dat.txt
bl1383	000871536_0_1-84pgs__576222_dat.txt
bl1384	000559689_0_1-26pgs__565262_dat.txt
bl1385	003040981_0_1-76pgs__568104_dat.txt
bl1386	003085786_0_1-80pgs__608315_dat.txt
bl1387	002529096_0_1-44pgs__577521_dat.txt
bl1388	001746417_0_1-336pgs__666970_dat.txt
bl1389	002435076_0_1-64pgs__579705_dat.txt
bl1390	003950633_0_1-38pgs__1144536_dat.txt
bl1391	003349211_0_1-120pgs__579513_dat.txt
bl1392	003349181_0_1-104pgs__580263_dat.txt
bl1393	000860472_3_1-60pgs__578861_dat.txt
bl1394	003562142_0_1-44pgs__571203_dat.txt
bl1395	000252185_0_1-96pgs__577997_dat.txt
bl1396	002598941_0_1-78pgs__579627_dat.txt
bl1397	002486455_0_1-84pgs__569548_dat.txt
bl1398	000724436_0_1-94pgs__569184_dat.txt
bl1399	003600539_0_1-448pgs__569555_dat.txt
bl1400	002968126_0_1-48pgs__650405_dat.txt
bl1401	002368653_0_1-22pgs__608557_dat.txt
bl1402	003372149_0_1-90pgs__578833_dat.txt
bl1403	003796217_0_1-76pgs__580112_dat.txt
bl1404	000705182_0_1-52pgs__568377_dat.txt
bl1405	000215595_0_1-42pgs__578842_dat.txt
bl1406	003022443_0_1-116pgs__578857_dat.txt
bl1407	000987728_0_1-92pgs__567840_dat.txt
bl1408	003349195_0_1-84pgs__579678_dat.txt
bl1409	000964642_0_1-34pgs__574463_dat.txt
bl1410	000987952_0_1-78pgs__577387_dat.txt
bl1411	001552331_0_1-130pgs__568194_dat.txt
bl1412	002110978_0_1-60pgs__579639_dat.txt
bl1413	003561178_0_1-76pgs__579612_dat.txt
bl1414	003047016_0_1-68pgs__579443_dat.txt
bl1415	000828037_0_1-80pgs__577856_dat.txt
bl1416	000828033_0_1-94pgs__567834_dat.txt
bl1417	003583696_0_1-84pgs__574834_dat.txt
bl1418	003583681_0_1-70pgs__577448_dat.txt
bl1419	003948826_0_1-80pgs__580061_dat.txt
bl1420	001196437_0_1-16pgs__562812_dat.txt
bl1421	003344296_0_1-78pgs__569340_dat.txt
bl1422	001187574_0_1-92pgs__568446_dat.txt
bl1423	002962895_0_1-80pgs__579414_dat.txt
bl1424	000252175_0_1-76pgs__574870_dat.txt
bl1425	000987677_0_1-92pgs__579702_dat.txt
bl1426	001278407_0_1-80pgs__580257_dat.txt
bl1427	003349218_0_1-82pgs__567860_dat.txt
bl1428	003695762_0_1-32pgs__564567_dat.txt
bl1429	002742403_0_1-14pgs__565266_dat.txt
bl1430	003349174_0_1-116pgs__574945_dat.txt
bl1431	001746007_0_1-88pgs__579402_dat.txt
bl1432	000799696_0_1-74pgs__569160_dat.txt
bl1433	000241341_0_1-106pgs__579550_dat.txt
bl1434	000987770_0_1-76pgs__654745_dat.txt
bl1435	001965168_0_1-114pgs__579384_dat.txt
bl1436	001464953_0_1-88pgs__581060_dat.txt
bl1437	001253004_0_1-92pgs__579322_dat.txt
bl1438	000211229_0_1-20pgs__565259_dat.txt
bl1439	002371862_0_1-10pgs__560796_dat.txt
bl1440	001896308_0_1-100pgs__578930_dat.txt
bl1441	003349172_0_1-84pgs__580254_dat.txt
bl1442	000987874_0_1-72pgs__576098_dat.txt
bl1443	000975453_0_1-72pgs__579262_dat.txt
bl1444	000997538_0_1-92pgs__568454_dat.txt
bl1445	000987905_0_1-78pgs__576247_dat.txt
bl1446	002417003_0_1-106pgs__579684_dat.txt
bl1447	000252222_0_1-104pgs__569203_dat.txt
bl1448	002151456_0_1-42pgs__1083019_dat.txt
bl1449	002553315_0_1-66pgs__619044_dat.txt
bl1450	000686807_0_1-28pgs__568648_dat.txt
bl1451	003352477_0_1-90pgs__580079_dat.txt
bl1452	002802754_0_1-58pgs__581290_dat.txt
bl1453	001902698_0_1-68pgs__569545_dat.txt
bl1454	000654087_0_1-122pgs__578879_dat.txt
bl1455	003823383_0_1-114pgs__579089_dat.txt
bl1456	000106622_0_1-84pgs__569290_dat.txt
bl1457	004077038_0_1-78pgs__575543_dat.txt
bl1458	000444038_0_1-120pgs__587046_dat.txt
bl1459	000860480_0_1-754pgs__654579_dat.txt
bl1460	000444036_0_1-120pgs__567867_dat.txt
bl1461	001435177_0_1-80pgs__579389_dat.txt
bl1462	001837830_0_1-32pgs__1083039_dat.txt
bl1463	003349188_0_1-112pgs__579971_dat.txt
bl1464	003344308_0_1-94pgs__579498_dat.txt
bl1465	001678077_0_1-24pgs__659849_dat.txt
bl1466	002417091_0_1-92pgs__567825_dat.txt
bl1467	003047009_0_1-80pgs__1147278_dat.txt
bl1468	002110949_0_1-80pgs__576473_dat.txt
bl1469	001079198_0_1-28pgs__577784_dat.txt
bl1470	000792658_0_1-90pgs__568098_dat.txt
bl1471	003988493_0_1-120pgs__580118_dat.txt
bl1472	001000570_0_1-78pgs__579116_dat.txt
bl1473	003687881_0_1-136pgs__574837_dat.txt
bl1474	001268045_0_1-92pgs__578882_dat.txt
bl1475	003640503_0_1-100pgs__569173_dat.txt
bl1476	000252228_0_1-76pgs__576086_dat.txt
bl1477	002791817_0_1-64pgs__579038_dat.txt
bl1478	001500967_0_1-68pgs__579582_dat.txt
bl1479	001908811_0_1-90pgs__577979_dat.txt
bl1480	003354144_0_1-80pgs__579600_dat.txt
bl1481	001627043_0_1-84pgs__568954_dat.txt
bl1482	001145182_0_1-34pgs__575501_dat.txt
bl1483	003583998_0_1-84pgs__579558_dat.txt
bl1484	002521072_0_1-84pgs__569296_dat.txt
bl1485	002110903_0_1-90pgs__579660_dat.txt
bl1486	002602995_0_1-16pgs__659857_dat.txt
bl1487	002731608_0_1-90pgs__579459_dat.txt
bl1488	000828035_0_1-128pgs__574888_dat.txt
bl1489	001253003_0_1-84pgs__578903_dat.txt
bl1490	001268042_0_1-96pgs__568089_dat.txt
bl1491	002731601_0_1-84pgs__579368_dat.txt
bl1492	000241385_0_1-96pgs__569535_dat.txt
bl1493	002621731_0_1-78pgs__574734_dat.txt
bl1494	003370994_0_1-90pgs__575549_dat.txt
bl1495	002110882_0_1-88pgs__579648_dat.txt
bl1496	001080196_0_1-16pgs__575484_dat.txt
bl1497	000252173_0_1-122pgs__1144959_dat.txt
bl1498	003677276_0_1-76pgs__569494_dat.txt
bl1499	003349182_0_1-84pgs__579519_dat.txt
bl1500	002998521_0_1-24pgs__564641_dat.txt
bl1501	002110916_0_1-76pgs__579669_dat.txt
bl1502	000716174_0_1-34pgs__575683_dat.txt
bl1503	001014654_0_1-84pgs__574236_dat.txt
bl1504	002742599_0_1-50pgs__568325_dat.txt
bl1505	003448503_0_1-108pgs__580070_dat.txt
bl1506	002569083_0_1-84pgs__579362_dat.txt
bl1507	002502401_0_1-52pgs__568620_dat.txt
bl1508	001168902_0_1-88pgs__663353_dat.txt
bl1509	001677327_0_1-100pgs__579585_dat.txt
bl1510	000939576_0_1-68pgs__568203_dat.txt
bl1511	000848508_0_1-90pgs__569170_dat.txt
bl1512	001014623_0_1-76pgs__576464_dat.txt
bl1513	002571996_0_1-58pgs__579083_dat.txt
bl1514	002417090_0_1-92pgs__579435_dat.txt
bl1515	001794371_0_1-20pgs__652325_dat.txt
bl1516	003873814_0_1-92pgs__574844_dat.txt
bl1517	000950396_0_1-68pgs__569482_dat.txt
bl1518	002731668_0_1-92pgs__581072_dat.txt
bl1519	002731614_0_1-84pgs__579468_dat.txt
bl1520	000241480_0_1-76pgs__579300_dat.txt
bl1521	003099771_0_1-62pgs__569067_dat.txt
bl1522	000484320_0_1-100pgs__579092_dat.txt
bl1523	001253010_0_1-84pgs__578232_dat.txt
bl1524	002272407_0_1-80pgs__579594_dat.txt
bl1525	001975740_0_1-106pgs__652254_dat.txt
bl1526	002396288_0_1-92pgs__576202_dat.txt
bl1527	003705288_0_1-22pgs__577817_dat.txt
bl1528	000607815_0_1-88pgs__569074_dat.txt
bl1529	000871956_0_1-82pgs__579306_dat.txt
bl1530	002740463_0_1-36pgs__575782_dat.txt
bl1531	001014616_0_1-76pgs__579621_dat.txt
bl1532	000987811_0_1-84pgs__654736_dat.txt
bl1533	002481671_0_1-84pgs__579130_dat.txt
bl1534	002973292_0_1-84pgs__579599_dat.txt
bl1535	000828027_0_1-114pgs__577541_dat.txt
bl1536	001823663_0_1-90pgs__579555_dat.txt
bl1537	003349204_0_1-108pgs__569079_dat.txt
bl1538	001253016_0_1-90pgs__579375_dat.txt
bl1539	002599406_0_1-90pgs__578873_dat.txt
bl1540	002101309_0_1-80pgs__574918_dat.txt
bl1541	001730578_0_1-70pgs__579432_dat.txt
bl1542	002925268_0_1-72pgs__569489_dat.txt
bl1543	002731594_0_1-76pgs__579465_dat.txt
bl1544	000828024_0_1-100pgs__569575_dat.txt
bl1545	002739814_0_1-16pgs__576872_dat.txt
bl1546	003349200_0_1-76pgs__579968_dat.txt
bl1547	000252210_0_1-100pgs__569202_dat.txt
bl1548	003582834_0_1-104pgs__576215_dat.txt
bl1549	003080072_0_1-88pgs__574825_dat.txt
bl1550	002272403_0_1-80pgs__579687_dat.txt
bl1551	001064449_0_1-58pgs__567809_dat.txt
bl1552	002462705_0_1-28pgs__579080_dat.txt
bl1553	003047991_0_1-88pgs__569197_dat.txt
bl1554	001253037_0_1-130pgs__571951_dat.txt
bl1555	003371012_0_1-82pgs__574794_dat.txt
bl1556	003678244_0_1-82pgs__567813_dat.txt
bl1557	003022545_0_1-94pgs__574789_dat.txt
bl1558	003349213_0_1-88pgs__579516_dat.txt
bl1559	000987920_0_1-108pgs__654725_dat.txt
bl1560	000787512_0_1-78pgs__571949_dat.txt
bl1561	001435179_0_1-72pgs__579395_dat.txt
bl1562	001530656_0_1-356pgs__560086_dat.txt
bl1563	001647245_0_1-72pgs__568455_dat.txt
bl1564	002486456_0_1-84pgs__579438_dat.txt
bl1565	000413643_0_1-108pgs__574875_dat.txt
bl1566	002486399_0_1-88pgs__1144957_dat.txt
bl1567	000987692_0_1-214pgs__577544_dat.txt
bl1568	003014682_0_1-142pgs__560272_dat.txt
bl1569	000987813_0_1-84pgs__576101_dat.txt
bl1570	003344284_0_1-108pgs__574939_dat.txt
bl1571	002417017_0_1-96pgs__579381_dat.txt
bl1572	003448526_0_1-80pgs__580063_dat.txt
bl1573	001376528_0_1-68pgs__567079_dat.txt
bl1574	000828041_0_1-98pgs__574886_dat.txt
bl1575	000159302_0_1-96pgs__574909_dat.txt
bl1576	000252181_0_1-108pgs__578024_dat.txt
bl1577	001900833_0_1-118pgs__569527_dat.txt
bl1578	002958129_0_1-38pgs__569269_dat.txt
bl1579	000828050_0_1-82pgs__582979_dat.txt
bl1580	003371001_0_1-74pgs__569533_dat.txt
bl1581	001900878_0_1-126pgs__578891_dat.txt
bl1582	003988489_0_1-84pgs__579916_dat.txt
bl1583	000252167_0_1-84pgs__574865_dat.txt
bl1584	003014686_0_1-84pgs__568449_dat.txt
bl1585	001629219_0_1-80pgs__579579_dat.txt
bl1586	001901004_0_1-109pgs__569524_dat.txt
bl1587	002417071_0_1-102pgs__579690_dat.txt
bl1588	001677278_0_1-62pgs__578836_dat.txt
bl1589	002101310_0_1-80pgs__560212_dat.txt
bl1590	003926214_0_1-88pgs__574853_dat.txt
bl1591	001168883_0_1-92pgs__574248_dat.txt
bl1592	000241337_0_1-76pgs__580081_dat.txt
bl1593	000241326_0_1-92pgs__569068_dat.txt
bl1594	000860480_0_1-74pgs__581099_dat.txt
bl1595	002569080_0_1-40pgs__579365_dat.txt
bl1596	001679412_0_1-40pgs__562819_dat.txt
bl1597	001748776_0_1-76pgs__579131_dat.txt
bl1598	003988497_0_1-108pgs__579911_dat.txt
bl1599	001248523_0_1-290pgs__1031971_dat.txt
bl1600	003349193_0_1-114pgs__579522_dat.txt
bl1601	003371069_0_1-92pgs__577503_dat.txt
bl1602	002345984_0_1-92pgs__574924_dat.txt
bl1603	000190878_0_1-84pgs__577862_dat.txt
bl1604	000674864_0_1-84pgs__579907_dat.txt
bl1605	002416994_0_1-92pgs__579408_dat.txt
bl1606	003344326_0_1-108pgs__574942_dat.txt
bl1607	000241342_0_1-106pgs__564480_dat.txt
bl1608	001746009_0_1-92pgs__579447_dat.txt
bl1609	000987716_0_1-12pgs__570475_dat.txt
bl1610	003091257_0_1-82pgs__569572_dat.txt
bl1611	000987926_0_1-88pgs__576104_dat.txt
bl1612	000756236_0_1-94pgs__579098_dat.txt
bl1613	000987861_0_1-92pgs__574219_dat.txt
bl1614	003803903_0_1-68pgs__569490_dat.txt
bl1615	002731593_0_1-86pgs__579456_dat.txt
bl1616	003823628_0_1-8pgs__608539_dat.txt
bl1617	000987769_0_1-86pgs__574221_dat.txt
bl1618	001476086_0_1-78pgs__567849_dat.txt
bl1619	000987910_0_1-60pgs__654749_dat.txt
bl1620	000805381_0_1-568pgs__564819_dat.txt
bl1621	003371054_0_1-96pgs__579275_dat.txt
bl1622	000738456_0_1-82pgs__579318_dat.txt
bl1623	003371037_0_1-82pgs__575546_dat.txt
bl1624	002973290_0_1-68pgs__574816_dat.txt
bl1625	003212313_0_1-90pgs__579113_dat.txt
bl1626	003926212_0_1-90pgs__569557_dat.txt
bl1627	001647244_0_1-40pgs__569182_dat.txt
bl1628	001040107_0_1-76pgs__579405_dat.txt
bl1629	000242317_0_1-68pgs__574739_dat.txt
bl1630	001901013_0_1-80pgs__574722_dat.txt
bl1631	001253007_0_1-84pgs__578897_dat.txt
bl1632	003210983_0_1-14pgs__560794_dat.txt
bl1633	003988484_0_1-116pgs__579908_dat.txt
bl1634	003584000_0_1-68pgs__579294_dat.txt
bl1635	002407010_0_1-112pgs__561895_dat.txt
bl1636	003349199_0_1-96pgs__580238_dat.txt
bl1637	003352477_0_1-82pgs__567828_dat.txt
bl1638	000979454_0_1-52pgs__576236_dat.txt
bl1639	000188917_0_1-76pgs__578004_dat.txt
bl1640	003968304_0_1-14pgs__577480_dat.txt
bl1641	001677309_0_1-68pgs__579419_dat.txt
bl1642	003448566_0_1-96pgs__580067_dat.txt
bl1643	003823617_0_1-62pgs__568372_dat.txt
bl1644	001315329_0_1-122pgs__574813_dat.txt
bl1645	003326060_0_1-84pgs__579485_dat.txt
bl1646	000190864_0_1-84pgs__574859_dat.txt
bl1647	003371084_0_1-78pgs__579272_dat.txt
bl1648	003905215_0_1-72pgs__568957_dat.txt
bl1649	002300161_0_1-18pgs__565257_dat.txt
bl1650	002041979_0_1-22pgs__574059_dat.txt
bl1651	000484318_0_1-60pgs__579284_dat.txt
bl1652	001677332_0_1-88pgs__579574_dat.txt
bl1653	001168890_0_1-116pgs__577976_dat.txt
bl1654	002110955_0_1-82pgs__579651_dat.txt
bl1655	000871571_0_1-68pgs__567837_dat.txt
bl1656	003349205_0_1-84pgs__580049_dat.txt
bl1657	003121892_0_1-22pgs__659847_dat.txt
bl1658	003018918_0_1-80pgs__579637_dat.txt
bl1659	003903664_0_1-42pgs__578141_dat.txt
bl1660	001014657_0_1-84pgs__579616_dat.txt
bl1661	003480289_0_1-62pgs__579696_dat.txt
bl1662	002502624_0_1-592pgs__662314_dat.txt
bl1663	001476079_0_1-40pgs__1083049_dat.txt
bl1664	001857620_0_1-92pgs__569167_dat.txt
bl1665	000515955_0_1-64pgs__574469_dat.txt
bl1666	001449815_0_1-80pgs__568820_dat.txt
bl1667	000412069_0_1-20pgs__575490_dat.txt
bl1668	000252208_0_1-76pgs__569566_dat.txt
bl1669	001014636_0_1-84pgs__574234_dat.txt
bl1670	003558565_0_1-46pgs__579606_dat.txt
bl1671	003344298_0_1-84pgs__579492_dat.txt
bl1672	002277950_0_1-214pgs__581300_dat.txt
bl1673	002387275_0_1-86pgs__579411_dat.txt
bl1674	003873852_0_1-72pgs__574849_dat.txt
bl1675	000805491_0_1-106pgs__574482_dat.txt
bl1676	000241487_0_1-52pgs__574804_dat.txt
bl1677	001168901_0_1-100pgs__577538_dat.txt
bl1678	003354250_0_1-76pgs__579429_dat.txt
bl1679	002599398_0_1-134pgs__661525_dat.txt
bl1680	000987753_0_1-90pgs__577850_dat.txt
bl1681	002621731_0_1-80pgs__579087_dat.txt
bl1682	003014602_0_1-224pgs__560269_dat.txt
bl1683	003431886_0_1-40pgs__576795_dat.txt
bl1684	003344285_0_1-94pgs__567855_dat.txt
bl1685	000439737_0_1-60pgs__568649_dat.txt
bl1686	003823253_0_1-92pgs__579040_dat.txt
bl1687	000849202_0_1-100pgs__568206_dat.txt
bl1688	003091256_0_1-80pgs__568443_dat.txt
bl1689	003344295_0_1-88pgs__579495_dat.txt
bl1690	000718516_0_1-84pgs__1147027_dat.txt
bl1691	003527618_0_1-60pgs__579424_dat.txt
bl1692	001253017_0_1-92pgs__579593_dat.txt
bl1693	000665621_0_1-12pgs__659852_dat.txt
