ob1	OBC2-18490226.xml
ob2	OBC2-18610128.xml
ob3	OBC2-18180909.xml
ob4	OBC2-17770219.xml
ob5	OBC2-18070114.xml
ob6	OBC2-18901215.xml
ob7	OBC2-18620707.xml
ob8	OBC2-17231016.xml
ob9	OBC2-17490113.xml
ob10	OBC2-18871212.xml
ob11	OBC2-18920404.xml
ob12	OBC2-17950701.xml
ob13	OBC2-17450116.xml
ob14	OBC2-17720603.xml
ob15	OBC2-17380906.xml
ob16	OBC2-17361013.xml
ob17	OBC2-17651016.xml
ob18	OBC2-17460226.xml
ob19	OBC2-18430703.xml
ob20	OBC2-17250224.xml
ob21	OBC2-18060702.xml
ob22	OBC2-17700630.xml
ob23	OBC2-18760403.xml
ob24	OBC2-17661022.xml
ob25	OBC2-17390221.xml
ob26	OBC2-17720429.xml
ob27	OBC2-17320114.xml
ob28	OBC2-18720108.xml
ob29	OBC2-18651218.xml
ob30	OBC2-17501205.xml
ob31	OBC2-17530906.xml
ob32	OBC2-17480907.xml
ob33	OBC2-17450530.xml
ob34	OBC2-17441017.xml
ob35	OBC2-18710605.xml
ob36	OBC2-19040229.xml
ob37	OBC2-17770115.xml
ob38	OBC2-17291015.xml
ob39	OBC2-17390906.xml
ob40	OBC2-19020210.xml
ob41	OBC2-17630518.xml
ob42	OBC2-18411213.xml
ob43	OBC2-17740413.xml
ob44	OBC2-18520614.xml
ob45	OBC2-17281204.xml
ob46	OBC2-18660709.xml
ob47	OBC2-18710227.xml
ob48	OBC2-17730707.xml
ob49	OBC2-17550409.xml
ob50	OBC2-17321206.xml
ob51	OBC2-17570223.xml
ob52	OBC2-18800524.xml
ob53	OBC2-18720708.xml
ob54	OBC2-17270517.xml
ob55	OBC2-19100426.xml
ob56	OBC2-18700404.xml
ob57	OBC2-19050502.xml
ob58	OBC2-17500228.xml
ob59	OBC2-17320705.xml
ob60	OBC2-18290716.xml
ob61	OBC2-17570420.xml
ob62	OBC2-18410823.xml
ob63	OBC2-17810425.xml
ob64	OBC2-18100110.xml
ob65	OBC2-18680406.xml
ob66	OBC2-17460409.xml
ob67	OBC2-17420603.xml
ob68	OBC2-17900710.xml
ob69	OBC2-18300218.xml
ob70	OBC2-18730407.xml
ob71	OBC2-18421128.xml
ob72	OBC2-17460117.xml
ob73	OBC2-17280501.xml
ob74	OBC2-17620917.xml
ob75	OBC2-17391205.xml
ob76	OBC2-19110228.xml
ob77	OBC2-17330112.xml
ob78	OBC2-17600416.xml
ob79	OBC2-17950114.xml
ob80	OBC2-17380222.xml
ob81	OBC2-17380412.xml
ob82	OBC2-18840421.xml
ob83	OBC2-17760417.xml
ob84	OBC2-17300116.xml
ob85	OBC2-19040111.xml
ob86	OBC2-18210718.xml
ob87	OBC2-17370526.xml
ob88	OBC2-18130217.xml
ob89	OBC2-17240521.xml
ob90	OBC2-17230116.xml
ob91	OBC2-17910720.xml
ob92	OBC2-17650710.xml
ob93	OBC2-17500117.xml
ob94	OBC2-17730217.xml
ob95	OBC2-17220907.xml
ob96	OBC2-19000115.xml
ob97	OBC2-17690222.xml
ob98	OBC2-17510227.xml
ob99	OBC2-17750531.xml
ob100	OBC2-18570615.xml
ob101	OBC2-17920912.xml
ob102	OBC2-18690816.xml
ob103	OBC2-18530228.xml
ob104	OBC2-17430629.xml
ob105	OBC2-17240708.xml
ob106	OBC2-18801018.xml
ob107	OBC2-17410405.xml
ob108	OBC2-18980913.xml
ob109	OBC2-18910112.xml
ob110	OBC2-17200427.xml
ob111	OBC2-18920208.xml
ob112	OBC2-19100628.xml
ob113	OBC2-18990109.xml
ob114	OBC2-18050220.xml
ob115	OBC2-17800405.xml
ob116	OBC2-17670115.xml
ob117	OBC2-18210912.xml
ob118	OBC2-17280828.xml
ob119	OBC2-17520116.xml
ob120	OBC2-17350702.xml
ob121	OBC2-17911207.xml
ob122	OBC2-17670603.xml
ob123	OBC2-19030330.xml
ob124	OBC2-18380226.xml
ob125	OBC2-18811121.xml
ob126	OBC2-17900224.xml
ob127	OBC2-18350706.xml
ob128	OBC2-17420715.xml
ob129	OBC2-19130107.xml
ob130	OBC2-17481012.xml
ob131	OBC2-17701024.xml
ob132	OBC2-18490101.xml
ob133	OBC2-17690405.xml
ob134	OBC2-18170521.xml
ob135	OBC2-17620421.xml
ob136	OBC2-17410701.xml
ob137	OBC2-18220522.xml
ob138	OBC2-17520219.xml
ob139	OBC2-18261026.xml
ob140	OBC2-17750218.xml
ob141	OBC2-18710109.xml
ob142	OBC2-18820626.xml
ob143	OBC2-17501017.xml
ob144	OBC2-17301204.xml
ob145	OBC2-18550507.xml
ob146	OBC2-17370114.xml
ob147	OBC2-17790915.xml
ob148	OBC2-18511215.xml
ob149	OBC2-19010225.xml
ob150	OBC2-18990912.xml
ob151	OBC2-17320419.xml
ob152	OBC2-19050626.xml
ob153	OBC2-19070910.xml
ob154	OBC2-18430821.xml
ob155	OBC2-17600227.xml
ob156	OBC2-17270113.xml
ob157	OBC2-17570713.xml
ob158	OBC2-19120227.xml
ob159	OBC2-18720226.xml
ob160	OBC2-18520202.xml
ob161	OBC2-17770910.xml
ob162	OBC2-18390408.xml
ob163	OBC2-17540530.xml
ob164	OBC2-18930501.xml
ob165	OBC2-17520625.xml
ob166	OBC2-18741123.xml
ob167	OBC2-18210411.xml
ob168	OBC2-17481207.xml
ob169	OBC2-19000212.xml
ob170	OBC2-17200907.xml
ob171	OBC2-17610401.xml
ob172	OBC2-19100208.xml
ob173	OBC2-17290521.xml
ob174	OBC2-18360713.xml
ob175	OBC2-18610408.xml
ob176	OBC2-18910209.xml
ob177	OBC2-17550116.xml
ob178	OBC2-17201012.xml
ob179	OBC2-17610116.xml
ob180	OBC2-17400522.xml
ob181	OBC2-18370102.xml
ob182	OBC2-17310115.xml
ob183	OBC2-19110328.xml
ob184	OBC2-18320705.xml
ob185	OBC2-19040321.xml
ob186	OBC2-18680504.xml
ob187	OBC2-17910216.xml
ob188	OBC2-19111205.xml
ob189	OBC2-17710703.xml
ob190	OBC2-19020909.xml
ob191	OBC2-17420428.xml
ob192	OBC2-17720219.xml
ob193	OBC2-17630413.xml
ob194	OBC2-17450710.xml
ob195	OBC2-17820605.xml
ob196	OBC2-17730113.xml
ob197	OBC2-19120109.xml
ob198	OBC2-17650116.xml
ob199	OBC2-17721021.xml
ob200	OBC2-17820703.xml
ob201	OBC2-17490705.xml
ob202	OBC2-18820130.xml
ob203	OBC2-17810222.xml
ob204	OBC2-17431207.xml
ob205	OBC2-17550226.xml
ob206	OBC2-17340911.xml
ob207	OBC2-17480115.xml
ob208	OBC2-17841210.xml
ob209	OBC2-17870523.xml
ob210	OBC2-17480526.xml
ob211	OBC2-18800112.xml
ob212	OBC2-18030112.xml
ob213	OBC2-17221205.xml
ob214	OBC2-18670506.xml
ob215	OBC2-18640229.xml
ob216	OBC2-17540717.xml
ob217	OBC2-17210712.xml
ob218	OBC2-18451027.xml
ob219	OBC2-17500912.xml
ob220	OBC2-17400903.xml
ob221	OBC2-18170917.xml
ob222	OBC2-17260425.xml
ob223	OBC2-17460702.xml
ob224	OBC2-17520514.xml
ob225	OBC2-17830726.xml
ob226	OBC2-17401204.xml
ob227	OBC2-17310602.xml
ob228	OBC2-17470715.xml
ob229	OBC2-18540403.xml
ob230	OBC2-18410705.xml
ob231	OBC2-17551204.xml
ob232	OBC2-17600910.xml
ob233	OBC2-18530613.xml
ob234	OBC2-17320525.xml
ob235	OBC2-17240226.xml
ob236	OBC2-17601204.xml
ob237	OBC2-18100411.xml
ob238	OBC2-17341204.xml
ob239	OBC2-17550702.xml
ob240	OBC2-18130113.xml
ob241	OBC2-18081130.xml
ob242	OBC2-17581206.xml
ob243	OBC2-18670610.xml
ob244	OBC2-17700711.xml
ob245	OBC2-17650918.xml
ob246	OBC2-17580113.xml
ob247	OBC2-18031130.xml
ob248	OBC2-18220703.xml
ob249	OBC2-17800223.xml
ob250	OBC2-17330912.xml
ob251	OBC2-18601126.xml
ob252	OBC2-17960406.xml
ob253	OBC2-17271206.xml
ob254	OBC2-17441205.xml
ob255	OBC2-18351214.xml
ob256	OBC2-17490411.xml
ob257	OBC2-17250630.xml
ob258	OBC2-17360610.xml
ob259	OBC2-18370227.xml
ob260	OBC2-17351015.xml
ob261	OBC2-18701121.xml
ob262	OBC2-17600709.xml
ob263	OBC2-17390502.xml
ob264	OBC2-18590131.xml
ob265	OBC2-18670408.xml
ob266	OBC2-19110717.xml
ob267	OBC2-18350615.xml
ob268	OBC2-17580405.xml
ob269	OBC2-17410116.xml
ob270	OBC2-19020113.xml
ob271	OBC2-17400709.xml
ob272	OBC2-18170115.xml
ob273	OBC2-17380518.xml
ob274	OBC2-17550301.xml
ob275	OBC2-17241204.xml
ob276	OBC2-17250407.xml
ob277	OBC2-18110403.xml
ob278	OBC2-17420224.xml
ob279	OBC2-17331205.xml
ob280	OBC2-17330510.xml
ob281	OBC2-17321011.xml
ob282	OBC2-18020217.xml
ob283	OBC2-17870112.xml
ob284	OBC2-18360815.xml
ob285	OBC2-17540424.xml
ob286	OBC2-17390718.xml
ob287	OBC2-18120916.xml
ob288	OBC2-18860308.xml
ob289	OBC2-17440223.xml
ob290	OBC2-17510523.xml
ob291	OBC2-19130304.xml
ob292	OBC2-17290416.xml
ob293	OBC2-18120701.xml
ob294	OBC2-18211205.xml
ob295	OBC2-18610225.xml
ob296	OBC2-17610506.xml
ob297	OBC2-18360404.xml
ob298	OBC2-17430114.xml
ob299	OBC2-17430223.xml
ob300	OBC2-18800209.xml
ob301	OBC2-17700912.xml
ob302	OBC2-17330221.xml
ob303	OBC2-17860719.xml
ob304	OBC2-17600116.xml
ob305	OBC2-17331010.xml
ob306	OBC2-17430413.xml
ob307	OBC2-17561020.xml
ob308	OBC2-17340710.xml
ob309	OBC2-18951209.xml
ob310	OBC2-18030914.xml
ob311	OBC2-18720610.xml
ob312	OBC2-17450911.xml
ob313	OBC2-17360115.xml
ob314	OBC2-18360509.xml
ob315	OBC2-17801018.xml
ob316	OBC2-17290827.xml
ob317	OBC2-17230424.xml
ob318	OBC2-18430130.xml
ob319	OBC2-18780311.xml
ob320	OBC2-18090517.xml
ob321	OBC2-17920704.xml
ob322	OBC2-18530103.xml
ob323	OBC2-17920113.xml
ob324	OBC2-17620714.xml
ob325	OBC2-18140112.xml
ob326	OBC2-17740518.xml
ob327	OBC2-17230530.xml
ob328	OBC2-19090518.xml
ob329	OBC2-18620106.xml
ob330	OBC2-17370216.xml
ob331	OBC2-18801123.xml
ob332	OBC2-18460706.xml
ob333	OBC2-17620224.xml
ob334	OBC2-17750426.xml
ob335	OBC2-18620407.xml
ob336	OBC2-18200217.xml
ob337	OBC2-17700221.xml
ob338	OBC2-17361208.xml
ob339	OBC2-19020310.xml
ob340	OBC2-17570526.xml
ob341	OBC2-17410828.xml
ob342	OBC2-18540102.xml
ob343	OBC2-17720109.xml
ob344	OBC2-17561208.xml
ob345	OBC2-18961214.xml
ob346	OBC2-17820220.xml
ob347	OBC2-18830319.xml
ob348	OBC2-18350302.xml
ob349	OBC2-18000917.xml
ob350	OBC2-19020505.xml
ob351	OBC2-17520914.xml
ob352	OBC2-18020602.xml
ob353	OBC2-17870418.xml
ob354	OBC2-18200112.xml
ob355	OBC2-17780603.xml
ob356	OBC2-17470909.xml
ob357	OBC2-17970920.xml
ob358	OBC2-18271206.xml
ob359	OBC2-18801213.xml
ob360	OBC2-17371012.xml
ob361	OBC2-18500506.xml
ob362	OBC2-18430227.xml
ob363	OBC2-18810131.xml
ob364	OBC2-17971025.xml
ob365	OBC2-17821016.xml
ob366	OBC2-19060402.xml
ob367	OBC2-17870110.xml
ob368	OBC2-18991023.xml
ob369	OBC2-17270222.xml
ob370	OBC2-18810110.xml
ob371	OBC2-17280228.xml
ob372	OBC2-17650227.xml
ob373	OBC2-18410405.xml
ob374	OBC2-17220404.xml
ob375	OBC2-18161204.xml
ob376	OBC2-17590711.xml
ob377	OBC2-19020721.xml
ob378	OBC2-18601217.xml
ob379	OBC2-17510116.xml
ob380	OBC2-17300513.xml
ob381	OBC2-18481218.xml
ob382	OBC2-17471014.xml
ob383	OBC2-18800301.xml
ob384	OBC2-17491011.xml
ob385	OBC2-17900708.xml
ob386	OBC2-18020714.xml
ob387	OBC2-17751206.xml
ob388	OBC2-17490222.xml
ob389	OBC2-18070916.xml
ob390	OBC2-17370224.xml
ob391	OBC2-17340424.xml
ob392	OBC2-17611021.xml
ob393	OBC2-17660702.xml
ob394	OBC2-18520705.xml
ob395	OBC2-18070701.xml
ob396	OBC2-17550910.xml
ob397	OBC2-17770514.xml
ob398	OBC2-18040111.xml
ob399	OBC2-17400227.xml
ob400	OBC2-17420909.xml
ob401	OBC2-17790519.xml
ob402	OBC2-18380129.xml
ob403	OBC2-17870115.xml
ob404	OBC2-18700919.xml
ob405	OBC2-17250827.xml
ob406	OBC2-17451016.xml
ob407	OBC2-19070225.xml
ob408	OBC2-17261012.xml
ob409	OBC2-17710116.xml
ob410	OBC2-17961026.xml
ob411	OBC2-18170702.xml
ob412	OBC2-17500711.xml
ob413	OBC2-18910525.xml
ob414	OBC2-18570706.xml
ob415	OBC2-17440912.xml
ob416	OBC2-18050109.xml
ob417	OBC2-17340630.xml
ob418	OBC2-17340116.xml
ob419	OBC2-17570914.xml
ob420	OBC2-17771015.xml
ob421	OBC2-17370706.xml
ob422	OBC2-18000528.xml
ob423	OBC2-17580222.xml
ob424	OBC2-17310908.xml
ob425	OBC2-17920329.xml
ob426	OBC2-17230828.xml
ob427	OBC2-17341016.xml
ob428	OBC2-19120722.xml
ob429	OBC2-18991120.xml
ob430	OBC2-17930626.xml
ob431	OBC2-18940305.xml
ob432	OBC2-17911026.xml
ob433	OBC2-17621020.xml
ob434	OBC2-19060108.xml
ob435	OBC2-18920307.xml
ob436	OBC2-18900908.xml
ob437	OBC2-18680106.xml
ob438	OBC2-17650417.xml
ob439	OBC2-17720715.xml
ob440	OBC2-17620526.xml
ob441	OBC2-17610625.xml
ob442	OBC2-17670715.xml
ob443	OBC2-18150405.xml
ob444	OBC2-17460903.xml
ob445	OBC2-17310428.xml
ob446	OBC2-17470225.xml
ob447	OBC2-18410920.xml
ob448	OBC2-19101206.xml
ob449	OBC2-17801206.xml
ob450	OBC2-17520218.xml
ob451	OBC2-19020407.xml
ob452	OBC2-18540703.xml
ob453	OBC2-19040725.xml
ob454	OBC2-17311013.xml
ob455	OBC2-18350511.xml
ob456	OBC2-17640607.xml
ob457	OBC2-17710911.xml
ob458	OBC2-18650227.xml
ob459	OBC2-17350911.xml
ob460	OBC2-18820327.xml
ob461	OBC2-17391017.xml
ob462	OBC2-17830430.xml
ob463	OBC2-18520223.xml
ob464	OBC2-18890506.xml
ob465	OBC2-17591024.xml
ob466	OBC2-18620616.xml
ob467	OBC2-18500408.xml
ob468	OBC2-18820109.xml
ob469	OBC2-18120115.xml
ob470	OBC2-17900416.xml
ob471	OBC2-17260114.xml
ob472	OBC2-17820109.xml
ob473	OBC2-17311208.xml
ob474	OBC2-18800803.xml
ob475	OBC2-18150111.xml
ob476	OBC2-19070108.xml
ob477	OBC2-18451215.xml
ob478	OBC2-17551022.xml
ob479	OBC2-17371207.xml
ob480	OBC2-17981205.xml
ob481	OBC2-18540227.xml
ob482	OBC2-18341205.xml
ob483	OBC2-17451204.xml
ob484	OBC2-17350226.xml
ob485	OBC2-18750301.xml
ob486	OBC2-18620303.xml
ob487	OBC2-18701212.xml
ob488	OBC2-18910406.xml
ob489	OBC2-18710501.xml
ob490	OBC2-17910914.xml
ob491	OBC2-18201206.xml
ob492	OBC2-18430403.xml
ob493	OBC2-17700425.xml
ob494	OBC2-17220228.xml
ob495	OBC2-17260420.xml
ob496	OBC2-17271017.xml
ob497	OBC2-17320223.xml
ob498	OBC2-17251208.xml
ob499	OBC2-17531024.xml
ob500	OBC2-17400116.xml
ob501	OBC2-18710130.xml
ob502	OBC2-17490405.xml
ob503	OBC2-17770702.xml
ob504	OBC2-18521025.xml
ob505	OBC2-18231022.xml
ob506	OBC2-17940219.xml
ob507	OBC2-17600521.xml
ob508	OBC2-17330628.xml
ob509	OBC2-17350116.xml
ob510	OBC2-17420115.xml
ob511	OBC2-17491209.xml
ob512	OBC2-17810110.xml
ob513	OBC2-17210525.xml
ob514	OBC2-17931204.xml
ob515	OBC2-17270705.xml
ob516	OBC2-17400416.xml
ob517	OBC2-18660507.xml
ob518	OBC2-18721216.xml
ob519	OBC2-17750712.xml
ob520	OBC2-17800112.xml
ob521	OBC2-17340227.xml
ob522	OBC2-17220704.xml
ob523	OBC2-17631019.xml
ob524	OBC2-17390607.xml
ob525	OBC2-17420714.xml
ob526	OBC2-17620114.xml
ob527	OBC2-17440404.xml
ob528	OBC2-17850406.xml
ob529	OBC2-18520510.xml
ob530	OBC2-18981212.xml
ob531	OBC2-17861215.xml
ob532	OBC2-17950218.xml
ob533	OBC2-17820515.xml
ob534	OBC2-18880319.xml
ob535	OBC2-17900417.xml
ob536	OBC2-18710710.xml
ob537	OBC2-17640728.xml
ob538	OBC2-18710403.xml
ob539	OBC2-18021027.xml
ob540	OBC2-17750913.xml
ob541	OBC2-18950225.xml
ob542	OBC2-17200602.xml
ob543	OBC2-17670218.xml
ob544	OBC2-17301014.xml
ob545	OBC2-17210301.xml
ob546	OBC2-17370420.xml
ob547	OBC2-17790217.xml
ob548	OBC2-18950722.xml
ob549	OBC2-18390513.xml
ob550	OBC2-17330404.xml
ob551	OBC2-18501216.xml
ob552	OBC2-18970914.xml
ob553	OBC2-18960323.xml
ob554	OBC2-18150913.xml
ob555	OBC2-18031026.xml
ob556	OBC2-17350522.xml
ob557	OBC2-17640502.xml
ob558	OBC2-17800913.xml
ob559	OBC2-17280717.xml
ob560	OBC2-17240117.xml
ob561	OBC2-17211011.xml
ob562	OBC2-18991211.xml
ob563	OBC2-19000312.xml
ob564	OBC2-18350202.xml
ob565	OBC2-17520408.xml
ob566	OBC2-17750111.xml
ob567	OBC2-18610505.xml
ob568	OBC2-18811212.xml
ob569	OBC2-17211206.xml
ob570	OBC2-18350406.xml
ob571	OBC2-17381206.xml
ob572	OBC2-17970712.xml
ob573	OBC2-17720909.xml
ob574	OBC2-18000115.xml
ob575	OBC2-17470604.xml
ob576	OBC2-17500530.xml
ob577	OBC2-17510417.xml
ob578	OBC2-17731020.xml
ob579	OBC2-17741019.xml
ob580	OBC2-18230219.xml
ob581	OBC2-17490906.xml
ob582	OBC2-17980704.xml
ob583	OBC2-17401015.xml
ob584	OBC2-17450227.xml
ob585	OBC2-17380628.xml
ob586	OBC2-17431012.xml
ob587	OBC2-17390117.xml
ob588	OBC2-18220109.xml
ob589	OBC2-17640222.xml
ob590	OBC2-18720923.xml
ob591	OBC2-17500425.xml
ob592	OBC2-17630114.xml
ob593	OBC2-18001203.xml
ob594	OBC2-18640411.xml
ob595	OBC2-17670909.xml
ob596	OBC2-17360505.xml
ob597	OBC2-18060521.xml
ob598	OBC2-18150621.xml
ob599	OBC2-17540116.xml
ob600	OBC2-18000219.xml
ob601	OBC2-17241014.xml
ob602	OBC2-17630223.xml
ob603	OBC2-17370907.xml
ob604	OBC2-18270712.xml
ob605	OBC2-18360704.xml
ob606	OBC2-17811017.xml
ob607	OBC2-18920725.xml
ob608	OBC2-17381011.xml
ob609	OBC2-17360721.xml
ob610	OBC2-19060205.xml
ob611	OBC2-17350416.xml
ob612	OBC2-17650522.xml
ob613	OBC2-17260831.xml
ob614	OBC2-17921031.xml
ob615	OBC2-18250113.xml
ob616	OBC2-17920215.xml
ob617	OBC2-18620512.xml
ob618	OBC2-18810912.xml
ob619	OBC2-18690607.xml
ob620	OBC2-18510616.xml
ob621	OBC2-19060430.xml
ob622	OBC2-18100718.xml
ob623	OBC2-18910504.xml
ob624	OBC2-18750201.xml
ob625	OBC2-17360225.xml
ob626	OBC2-18131027.xml
ob627	OBC2-17411204.xml
ob628	OBC2-17380113.xml
ob629	OBC2-17210113.xml
ob630	OBC2-17450424.xml
ob631	OBC2-17461205.xml
ob632	OBC2-18730303.xml
ob633	OBC2-17810711.xml
ob634	OBC2-17320906.xml
ob635	OBC2-18701024.xml
ob636	OBC2-17510703.xml
ob637	OBC2-17550515.xml
ob638	OBC2-18620303-checkpoint.xml
ob639	OBC2-17741019-checkpoint.xml
ob640	OBC2-17210113-checkpoint.xml
ob641	OBC2-17201012-checkpoint.xml
ob642	OBC2-17210301-checkpoint.xml
